label,timestamp1,timestamp2,FP1,FP2,FP3,FP4,FP5,FP6,FP7,FP8,ToF
stationary,138936,138950,274.0,280.0,277.0,269.0,269.0,288.0,274.0,294.0,77.0
stationary,138951,138964,319.0,319.0,319.0,319.0,319.0,272.0,319.0,278.0,79.0
stationary,138964,138979,241.0,240.0,240.0,241.0,241.0,243.0,241.0,241.0,77.0
stationary,138979,138994,261.0,264.0,275.0,261.0,265.0,283.0,277.0,287.0,78.0
stationary,138994,139009,252.0,257.0,257.0,254.0,260.0,254.0,257.0,257.0,76.0
stationary,139009,139023,247.0,249.0,254.0,246.0,254.0,274.0,260.0,265.0,73.0
stationary,139024,139038,259.0,252.0,250.0,253.0,256.0,246.0,246.0,248.0,78.0
stationary,139038,139053,263.0,269.0,269.0,270.0,283.0,272.0,260.0,271.0,75.0
stationary,139053,139068,267.0,264.0,280.0,265.0,282.0,277.0,272.0,279.0,73.0
stationary,139068,139082,258.0,258.0,252.0,267.0,256.0,248.0,250.0,258.0,70.0
stationary,139083,139097,254.0,260.0,262.0,246.0,241.0,271.0,260.0,267.0,75.0
stationary,139097,139112,272.0,274.0,268.0,266.0,265.0,261.0,264.0,268.0,71.0
stationary,139112,139127,225.0,227.0,230.0,224.0,229.0,234.0,235.0,236.0,75.0
stationary,139127,139141,253.0,244.0,241.0,248.0,248.0,243.0,240.0,239.0,74.0
stationary,139142,139156,247.0,257.0,238.0,253.0,259.0,223.0,227.0,223.0,73.0
stationary,139157,139171,265.0,275.0,263.0,252.0,254.0,262.0,269.0,261.0,75.0
stationary,139171,139186,244.0,253.0,258.0,245.0,246.0,241.0,253.0,246.0,71.0
stationary,139186,139200,254.0,253.0,259.0,255.0,259.0,255.0,252.0,255.0,74.0
stationary,139201,139215,266.0,266.0,259.0,261.0,262.0,246.0,253.0,250.0,76.0
stationary,139216,139230,263.0,266.0,268.0,264.0,264.0,264.0,267.0,265.0,69.0
stationary,139230,139245,252.0,252.0,252.0,252.0,252.0,253.0,253.0,253.0,71.0
stationary,139245,139260,247.0,247.0,247.0,247.0,247.0,247.0,247.0,247.0,72.0
stationary,139260,139275,246.0,246.0,246.0,246.0,246.0,247.0,246.0,246.0,70.0
stationary,139275,139289,250.0,250.0,249.0,250.0,251.0,250.0,248.0,248.0,69.0
stationary,139290,139304,247.0,246.0,245.0,248.0,248.0,244.0,244.0,243.0,72.0
stationary,139304,139319,245.0,245.0,245.0,245.0,245.0,245.0,245.0,245.0,73.0
stationary,139319,139334,239.0,240.0,239.0,239.0,238.0,240.0,239.0,240.0,73.0
stationary,139334,139349,255.0,258.0,258.0,250.0,248.0,265.0,260.0,260.0,70.0
stationary,139349,139364,250.0,248.0,241.0,248.0,248.0,241.0,240.0,239.0,72.0
stationary,139364,139378,218.0,219.0,220.0,217.0,217.0,222.0,221.0,221.0,77.0
stationary,139379,139393,237.0,238.0,231.0,244.0,244.0,224.0,228.0,226.0,75.0
stationary,139393,139408,243.0,248.0,243.0,240.0,242.0,242.0,248.0,249.0,75.0
stationary,139408,139423,243.0,241.0,243.0,242.0,243.0,245.0,245.0,245.0,71.0
stationary,139423,139437,259.0,257.0,258.0,259.0,258.0,255.0,256.0,256.0,73.0
stationary,139438,139452,257.0,255.0,252.0,260.0,258.0,253.0,250.0,250.0,73.0
stationary,139453,139467,247.0,248.0,248.0,246.0,246.0,248.0,248.0,248.0,72.0
stationary,139467,139482,246.0,245.0,236.0,244.0,246.0,233.0,235.0,234.0,74.0
stationary,139482,139497,237.0,239.0,241.0,240.0,247.0,235.0,248.0,250.0,74.0
stationary,139497,139511,247.0,244.0,246.0,242.0,249.0,246.0,251.0,249.0,75.0
stationary,139512,139526,275.0,273.0,279.0,275.0,279.0,265.0,279.0,270.0,76.0
stationary,139527,139541,261.0,260.0,257.0,269.0,269.0,256.0,257.0,256.0,71.0
stationary,139541,139556,287.0,282.0,276.0,279.0,272.0,274.0,272.0,274.0,73.0
stationary,139556,139572,277.0,282.0,283.0,279.0,279.0,274.0,280.0,282.0,74.0
stationary,139573,139587,253.0,251.0,255.0,255.0,259.0,265.0,255.0,264.0,75.0
stationary,139587,139602,283.0,277.0,272.0,285.0,287.0,260.0,260.0,256.0,72.0
stationary,139602,139616,250.0,243.0,262.0,258.0,249.0,265.0,266.0,266.0,72.0
stationary,139617,139631,281.0,279.0,275.0,285.0,288.0,269.0,270.0,271.0,70.0
stationary,139632,139646,279.0,274.0,262.0,279.0,255.0,250.0,257.0,251.0,73.0
stationary,139647,139661,290.0,277.0,271.0,276.0,263.0,250.0,258.0,252.0,73.0
stationary,139662,139676,252.0,253.0,253.0,249.0,248.0,261.0,253.0,257.0,76.0
stationary,139676,139691,248.0,246.0,243.0,246.0,242.0,242.0,241.0,241.0,75.0
stationary,139691,139705,227.0,227.0,226.0,226.0,226.0,226.0,225.0,225.0,78.0
stationary,139706,139720,232.0,232.0,232.0,233.0,235.0,227.0,230.0,228.0,79.0
stationary,139720,139735,227.0,227.0,227.0,227.0,229.0,227.0,227.0,227.0,78.0
stationary,139735,139750,241.0,241.0,239.0,243.0,241.0,240.0,240.0,242.0,73.0
stationary,139750,139764,233.0,232.0,232.0,234.0,235.0,230.0,231.0,231.0,76.0
stationary,139765,139779,234.0,233.0,232.0,233.0,232.0,227.0,229.0,229.0,77.0
stationary,139780,139794,233.0,232.0,232.0,234.0,233.0,231.0,231.0,232.0,73.0
stationary,139794,139809,247.0,244.0,244.0,248.0,249.0,242.0,244.0,244.0,72.0
stationary,139809,139824,259.0,259.0,260.0,260.0,259.0,256.0,261.0,265.0,75.0
stationary,139824,139838,253.0,256.0,256.0,252.0,252.0,279.0,264.0,281.0,74.0
stationary,139839,139853,252.0,249.0,247.0,251.0,251.0,251.0,245.0,245.0,71.0
stationary,139853,139868,242.0,243.0,244.0,241.0,241.0,247.0,243.0,244.0,72.0
stationary,139868,139883,253.0,262.0,261.0,253.0,248.0,262.0,262.0,268.0,71.0
stationary,139883,139897,243.0,243.0,241.0,243.0,244.0,238.0,240.0,238.0,71.0
stationary,139898,139912,277.0,275.0,271.0,274.0,273.0,262.0,269.0,261.0,73.0
stationary,139913,139927,248.0,248.0,247.0,248.0,249.0,245.0,246.0,247.0,76.0
stationary,139928,139942,252.0,251.0,251.0,251.0,249.0,244.0,252.0,247.0,73.0
stationary,139942,139957,255.0,250.0,246.0,254.0,254.0,238.0,244.0,242.0,72.0
stationary,139957,139972,253.0,254.0,251.0,252.0,250.0,251.0,248.0,248.0,71.0
stationary,139972,139986,245.0,245.0,245.0,245.0,244.0,249.0,246.0,247.0,71.0
stationary,139987,140001,244.0,244.0,244.0,243.0,243.0,244.0,244.0,244.0,72.0
stationary,140002,140016,233.0,232.0,232.0,232.0,232.0,232.0,232.0,232.0,74.0
stationary,140016,140031,236.0,236.0,236.0,236.0,236.0,236.0,236.0,236.0,74.0
stationary,140031,140045,234.0,234.0,234.0,234.0,234.0,233.0,233.0,233.0,73.0
stationary,140046,140060,236.0,236.0,236.0,236.0,236.0,237.0,237.0,237.0,73.0
stationary,140061,140075,236.0,236.0,236.0,236.0,236.0,236.0,236.0,236.0,73.0
stationary,140075,140090,235.0,235.0,235.0,235.0,235.0,234.0,235.0,235.0,74.0
stationary,140090,140104,235.0,235.0,235.0,236.0,236.0,235.0,236.0,236.0,73.0
stationary,140105,140119,236.0,236.0,236.0,236.0,236.0,235.0,235.0,235.0,72.0
stationary,140120,140134,236.0,236.0,236.0,236.0,237.0,236.0,236.0,236.0,73.0
stationary,140134,140149,236.0,236.0,236.0,236.0,236.0,236.0,236.0,236.0,72.0
stationary,140149,140163,236.0,236.0,236.0,236.0,236.0,235.0,235.0,235.0,73.0
stationary,140164,140178,238.0,238.0,238.0,238.0,238.0,237.0,237.0,237.0,71.0
stationary,140179,140193,236.0,236.0,236.0,236.0,235.0,236.0,235.0,235.0,72.0
stationary,140193,140208,242.0,242.0,242.0,242.0,242.0,241.0,242.0,241.0,77.0
stationary,140208,140222,233.0,233.0,233.0,233.0,233.0,232.0,232.0,233.0,73.0
stationary,140223,140237,235.0,235.0,235.0,235.0,235.0,235.0,235.0,235.0,71.0
stationary,140237,140252,235.0,235.0,236.0,236.0,236.0,236.0,236.0,235.0,70.0
stationary,140252,140267,237.0,237.0,237.0,238.0,237.0,237.0,237.0,237.0,75.0
stationary,140267,140281,233.0,233.0,233.0,233.0,233.0,233.0,233.0,233.0,75.0
stationary,140282,140296,232.0,232.0,232.0,232.0,232.0,232.0,232.0,232.0,70.0
stationary,140296,140311,234.0,234.0,234.0,234.0,234.0,233.0,234.0,234.0,76.0
stationary,140311,140326,233.0,232.0,232.0,232.0,233.0,232.0,232.0,232.0,74.0
stationary,140326,140340,233.0,233.0,233.0,233.0,233.0,233.0,233.0,233.0,75.0
stationary,140341,140355,232.0,232.0,232.0,232.0,232.0,232.0,232.0,232.0,77.0
stationary,140355,140370,231.0,231.0,230.0,231.0,231.0,231.0,230.0,231.0,76.0
stationary,140370,140384,230.0,230.0,230.0,230.0,230.0,230.0,230.0,230.0,75.0
stationary,140385,140399,229.0,229.0,229.0,229.0,229.0,230.0,229.0,230.0,76.0
stationary,140399,140414,229.0,229.0,229.0,229.0,229.0,229.0,229.0,229.0,74.0
stationary,140414,140429,230.0,229.0,229.0,229.0,230.0,229.0,229.0,229.0,78.0
stationary,140429,140443,229.0,229.0,229.0,229.0,229.0,229.0,229.0,229.0,75.0
stationary,140444,140458,229.0,229.0,229.0,229.0,229.0,228.0,229.0,229.0,77.0
stationary,140459,140473,229.0,229.0,229.0,228.0,229.0,229.0,229.0,228.0,77.0
stationary,140473,140488,228.0,228.0,228.0,228.0,228.0,228.0,228.0,228.0,76.0
stationary,140488,140503,228.0,228.0,228.0,228.0,228.0,228.0,228.0,228.0,74.0
stationary,140503,140517,228.0,228.0,228.0,228.0,228.0,228.0,228.0,228.0,77.0
stationary,140518,140532,228.0,228.0,229.0,229.0,228.0,229.0,229.0,229.0,76.0
stationary,140532,140547,229.0,229.0,229.0,229.0,229.0,229.0,229.0,229.0,74.0
stationary,140547,140561,230.0,230.0,230.0,230.0,230.0,230.0,230.0,230.0,75.0
stationary,140562,140576,230.0,230.0,230.0,230.0,230.0,231.0,230.0,230.0,74.0
stationary,140576,140591,230.0,230.0,230.0,230.0,230.0,230.0,230.0,230.0,75.0
stationary,140591,140606,230.0,230.0,231.0,231.0,230.0,230.0,230.0,230.0,76.0
stationary,140606,140620,230.0,230.0,230.0,230.0,230.0,230.0,230.0,230.0,76.0
stationary,140621,140635,230.0,230.0,230.0,230.0,230.0,230.0,230.0,230.0,75.0
stationary,140635,140650,230.0,229.0,230.0,230.0,230.0,230.0,230.0,230.0,76.0
stationary,140650,140664,229.0,229.0,229.0,229.0,229.0,229.0,229.0,229.0,75.0
stationary,140665,140679,231.0,231.0,232.0,231.0,231.0,231.0,231.0,232.0,74.0
stationary,140680,140694,242.0,243.0,244.0,243.0,242.0,243.0,244.0,245.0,72.0
stationary,140694,140709,246.0,246.0,244.0,245.0,245.0,246.0,245.0,245.0,72.0
stationary,140709,140724,235.0,235.0,235.0,235.0,235.0,236.0,235.0,236.0,72.0
stationary,140724,140738,251.0,249.0,249.0,252.0,249.0,246.0,250.0,248.0,79.0
stationary,140739,140753,254.0,256.0,257.0,253.0,254.0,262.0,257.0,260.0,73.0
stationary,140753,140768,246.0,241.0,239.0,252.0,257.0,254.0,241.0,247.0,71.0
stationary,140768,140783,228.0,228.0,228.0,228.0,226.0,229.0,230.0,232.0,71.0
stationary,140783,140797,257.0,253.0,253.0,260.0,261.0,244.0,250.0,247.0,78.0
stationary,140798,140812,245.0,245.0,245.0,246.0,246.0,244.0,244.0,244.0,72.0
stationary,140813,140827,248.0,247.0,247.0,248.0,248.0,249.0,247.0,248.0,77.0
stationary,140828,140842,253.0,253.0,253.0,253.0,253.0,253.0,253.0,253.0,77.0
stationary,140842,140857,251.0,252.0,252.0,250.0,250.0,252.0,252.0,252.0,79.0
stationary,140857,140871,252.0,251.0,251.0,251.0,252.0,251.0,251.0,251.0,80.0
stationary,140872,140886,252.0,251.0,251.0,252.0,252.0,250.0,251.0,251.0,81.0
stationary,140887,140901,252.0,252.0,252.0,252.0,252.0,252.0,252.0,252.0,77.0
stationary,140901,140916,246.0,245.0,245.0,248.0,249.0,245.0,246.0,245.0,77.0
stationary,140916,140931,250.0,250.0,250.0,250.0,250.0,249.0,250.0,250.0,73.0
stationary,140931,140946,243.0,245.0,247.0,243.0,242.0,248.0,247.0,248.0,76.0
stationary,140946,140960,247.0,248.0,248.0,247.0,248.0,248.0,248.0,248.0,77.0
stationary,140961,140975,247.0,247.0,246.0,247.0,248.0,246.0,246.0,246.0,76.0
stationary,140976,140990,242.0,243.0,242.0,243.0,243.0,246.0,244.0,245.0,74.0
stationary,140990,141005,244.0,244.0,244.0,245.0,244.0,244.0,243.0,243.0,78.0
stationary,141005,141020,246.0,246.0,247.0,246.0,245.0,247.0,247.0,247.0,74.0
stationary,141020,141035,237.0,237.0,237.0,237.0,237.0,237.0,237.0,237.0,72.0
stationary,141035,141049,236.0,235.0,235.0,236.0,235.0,234.0,235.0,235.0,72.0
stationary,141050,141064,234.0,234.0,234.0,234.0,235.0,234.0,234.0,234.0,74.0
stationary,141064,141079,233.0,233.0,234.0,233.0,232.0,233.0,234.0,233.0,72.0
stationary,141079,141094,231.0,231.0,232.0,230.0,231.0,231.0,231.0,231.0,71.0
stationary,141094,141108,232.0,231.0,232.0,232.0,232.0,231.0,231.0,231.0,71.0
stationary,141109,141123,237.0,237.0,237.0,237.0,237.0,236.0,237.0,237.0,72.0
stationary,141124,141138,239.0,238.0,238.0,238.0,239.0,238.0,237.0,238.0,70.0
stationary,141138,141153,247.0,247.0,247.0,245.0,244.0,245.0,249.0,249.0,71.0
stationary,141153,141168,240.0,240.0,240.0,240.0,240.0,240.0,240.0,240.0,71.0
stationary,141168,141182,242.0,242.0,242.0,242.0,241.0,242.0,242.0,242.0,72.0
stationary,141183,141197,240.0,240.0,240.0,239.0,239.0,238.0,239.0,238.0,72.0
stationary,141197,141212,237.0,237.0,237.0,237.0,237.0,237.0,237.0,237.0,71.0
stationary,141212,141227,238.0,238.0,238.0,238.0,238.0,238.0,238.0,238.0,71.0
stationary,141227,141241,236.0,237.0,236.0,237.0,237.0,236.0,237.0,237.0,72.0
stationary,141242,141256,235.0,235.0,235.0,235.0,235.0,235.0,235.0,235.0,72.0
stationary,141256,141271,233.0,233.0,233.0,233.0,233.0,233.0,233.0,233.0,71.0
stationary,141271,141285,234.0,234.0,234.0,234.0,234.0,233.0,233.0,233.0,69.0
stationary,141286,141300,234.0,234.0,234.0,234.0,234.0,234.0,234.0,234.0,72.0
stationary,141301,141315,234.0,234.0,234.0,234.0,234.0,234.0,234.0,234.0,71.0
stationary,141315,141330,233.0,233.0,233.0,233.0,233.0,233.0,233.0,233.0,74.0
stationary,141330,141345,233.0,234.0,233.0,233.0,233.0,233.0,233.0,233.0,74.0
stationary,141345,141360,233.0,232.0,232.0,232.0,232.0,233.0,233.0,233.0,74.0
stationary,141360,141374,232.0,232.0,232.0,232.0,232.0,232.0,232.0,232.0,71.0
stationary,141375,141389,231.0,232.0,232.0,232.0,232.0,232.0,232.0,232.0,71.0
stationary,141389,141404,232.0,232.0,232.0,232.0,232.0,231.0,232.0,232.0,72.0
stationary,141404,141418,232.0,231.0,232.0,232.0,232.0,232.0,231.0,232.0,72.0
stationary,141419,141433,232.0,231.0,232.0,232.0,232.0,232.0,232.0,232.0,72.0
stationary,141433,141448,232.0,231.0,231.0,231.0,231.0,231.0,231.0,231.0,72.0
stationary,141448,141463,231.0,231.0,231.0,231.0,231.0,231.0,231.0,231.0,70.0
stationary,141463,141477,231.0,231.0,231.0,231.0,231.0,231.0,231.0,231.0,72.0
stationary,141478,141492,231.0,231.0,231.0,231.0,231.0,231.0,231.0,231.0,70.0
stationary,141493,141507,230.0,230.0,230.0,230.0,231.0,230.0,230.0,230.0,74.0
stationary,141507,141522,231.0,231.0,231.0,231.0,231.0,231.0,231.0,231.0,73.0
stationary,141522,141536,230.0,230.0,230.0,230.0,230.0,230.0,229.0,230.0,72.0
stationary,141537,141551,229.0,229.0,229.0,229.0,229.0,229.0,229.0,229.0,70.0
stationary,141552,141566,229.0,229.0,229.0,230.0,229.0,229.0,229.0,229.0,74.0
stationary,141566,141581,228.0,228.0,228.0,228.0,228.0,228.0,228.0,228.0,74.0
stationary,141581,141595,227.0,227.0,227.0,227.0,227.0,227.0,227.0,227.0,74.0
stationary,141596,141610,227.0,227.0,227.0,227.0,227.0,227.0,227.0,227.0,73.0
stationary,141611,141625,227.0,228.0,227.0,228.0,228.0,228.0,227.0,227.0,74.0
stationary,141625,141640,227.0,227.0,227.0,227.0,227.0,226.0,226.0,226.0,76.0
stationary,141640,141655,227.0,227.0,227.0,227.0,228.0,227.0,227.0,227.0,73.0
stationary,141655,141669,227.0,228.0,227.0,228.0,228.0,227.0,228.0,228.0,73.0
stationary,141670,141684,227.0,227.0,227.0,227.0,227.0,227.0,227.0,227.0,75.0
stationary,141684,141699,227.0,227.0,227.0,227.0,227.0,227.0,227.0,227.0,74.0
stationary,141699,141713,227.0,227.0,227.0,226.0,227.0,227.0,227.0,226.0,73.0
stationary,141714,141728,226.0,226.0,226.0,226.0,226.0,226.0,226.0,226.0,75.0
stationary,141729,141743,226.0,226.0,226.0,226.0,226.0,226.0,226.0,226.0,74.0
stationary,141743,141758,226.0,226.0,226.0,226.0,226.0,226.0,226.0,226.0,74.0
stationary,141758,141772,226.0,226.0,226.0,226.0,226.0,226.0,226.0,226.0,72.0
stationary,141773,141787,226.0,226.0,226.0,226.0,226.0,226.0,226.0,226.0,75.0
stationary,141787,141802,226.0,226.0,226.0,226.0,226.0,226.0,226.0,226.0,71.0
stationary,141802,141817,227.0,227.0,227.0,226.0,227.0,227.0,227.0,227.0,71.0
stationary,141817,141831,227.0,227.0,227.0,227.0,227.0,227.0,227.0,227.0,73.0
stationary,141832,141846,227.0,228.0,227.0,227.0,227.0,228.0,228.0,227.0,74.0
stationary,141846,141861,229.0,228.0,228.0,229.0,229.0,227.0,227.0,227.0,72.0
stationary,141861,141875,234.0,233.0,232.0,236.0,237.0,236.0,232.0,233.0,72.0
stationary,141876,141890,231.0,231.0,231.0,231.0,231.0,231.0,231.0,231.0,73.0
stationary,141891,141905,235.0,236.0,234.0,234.0,234.0,234.0,233.0,234.0,72.0
stationary,141905,141920,243.0,243.0,243.0,243.0,242.0,238.0,243.0,240.0,72.0
stationary,141920,141935,249.0,247.0,249.0,260.0,249.0,245.0,248.0,247.0,73.0
stationary,141935,141949,232.0,232.0,232.0,232.0,232.0,232.0,233.0,232.0,73.0
stationary,141950,141964,232.0,232.0,232.0,232.0,232.0,232.0,232.0,232.0,73.0
stationary,141965,141979,231.0,231.0,231.0,230.0,231.0,231.0,230.0,230.0,72.0
stationary,141979,141994,229.0,229.0,230.0,229.0,229.0,229.0,230.0,230.0,73.0
stationary,141994,142009,227.0,227.0,227.0,226.0,227.0,227.0,227.0,227.0,73.0
stationary,142009,142023,227.0,227.0,228.0,227.0,227.0,227.0,227.0,226.0,73.0
stationary,142024,142038,228.0,228.0,228.0,228.0,228.0,227.0,227.0,227.0,74.0
stationary,142038,142053,225.0,225.0,226.0,226.0,225.0,226.0,226.0,226.0,74.0
stationary,142053,142067,226.0,227.0,226.0,226.0,226.0,226.0,226.0,226.0,73.0
stationary,142068,142082,228.0,228.0,228.0,228.0,228.0,228.0,228.0,228.0,73.0
stationary,142083,142097,228.0,228.0,228.0,229.0,230.0,228.0,228.0,228.0,73.0
stationary,142097,142112,230.0,231.0,230.0,230.0,230.0,230.0,231.0,230.0,72.0
stationary,142112,142126,234.0,235.0,235.0,233.0,233.0,235.0,235.0,235.0,71.0
stationary,142127,142141,235.0,235.0,235.0,235.0,236.0,235.0,236.0,235.0,71.0
stationary,142141,142156,249.0,248.0,249.0,251.0,250.0,249.0,250.0,249.0,72.0
stationary,142156,142171,229.0,229.0,229.0,230.0,230.0,229.0,229.0,229.0,70.0
stationary,142171,142185,226.0,226.0,226.0,226.0,226.0,227.0,226.0,227.0,72.0
stationary,142186,142200,226.0,226.0,226.0,226.0,225.0,225.0,226.0,226.0,74.0
stationary,142200,142215,226.0,226.0,225.0,226.0,225.0,225.0,226.0,225.0,74.0
stationary,142215,142230,224.0,224.0,224.0,224.0,224.0,224.0,224.0,224.0,71.0
stationary,142230,142244,227.0,228.0,228.0,227.0,227.0,228.0,228.0,228.0,71.0
stationary,142245,142259,227.0,226.0,226.0,226.0,227.0,228.0,227.0,227.0,72.0
stationary,142259,142274,226.0,226.0,226.0,226.0,226.0,227.0,226.0,226.0,74.0
stationary,142274,142289,226.0,226.0,226.0,226.0,226.0,226.0,226.0,226.0,71.0
stationary,142289,142303,228.0,228.0,228.0,228.0,228.0,228.0,228.0,228.0,72.0
stationary,142304,142318,227.0,227.0,227.0,228.0,227.0,228.0,227.0,227.0,72.0
stationary,142319,142333,234.0,234.0,235.0,234.0,234.0,235.0,234.0,235.0,71.0
stationary,142333,142348,237.0,237.0,237.0,237.0,236.0,237.0,237.0,237.0,69.0
stationary,142348,142362,232.0,232.0,232.0,231.0,232.0,232.0,231.0,232.0,71.0
stationary,142363,142377,231.0,231.0,231.0,231.0,232.0,232.0,231.0,231.0,72.0
stationary,142378,142392,229.0,228.0,228.0,229.0,228.0,228.0,228.0,228.0,73.0
stationary,142393,142407,224.0,224.0,224.0,224.0,224.0,224.0,224.0,224.0,75.0
stationary,142407,142422,223.0,223.0,223.0,223.0,223.0,223.0,223.0,223.0,75.0
stationary,142422,142436,223.0,223.0,223.0,223.0,223.0,223.0,223.0,223.0,75.0
stationary,142437,142451,223.0,223.0,224.0,223.0,223.0,223.0,223.0,223.0,72.0
stationary,142452,142466,224.0,224.0,224.0,224.0,224.0,224.0,224.0,224.0,74.0
stationary,142466,142481,224.0,224.0,224.0,224.0,224.0,224.0,224.0,224.0,75.0
stationary,142481,142495,224.0,224.0,224.0,224.0,224.0,224.0,224.0,224.0,74.0
stationary,142496,142510,222.0,221.0,222.0,222.0,222.0,223.0,222.0,222.0,74.0
stationary,142511,142525,228.0,228.0,228.0,227.0,227.0,227.0,227.0,227.0,72.0
stationary,142525,142540,227.0,227.0,227.0,227.0,227.0,227.0,227.0,227.0,70.0
stationary,142540,142554,227.0,227.0,227.0,228.0,228.0,227.0,227.0,227.0,70.0
stationary,142555,142569,227.0,227.0,226.0,227.0,227.0,227.0,227.0,227.0,73.0
stationary,142569,142584,226.0,226.0,226.0,227.0,226.0,226.0,226.0,226.0,73.0
stationary,142584,142599,226.0,226.0,226.0,226.0,227.0,226.0,227.0,227.0,74.0
stationary,142599,142613,226.0,227.0,226.0,226.0,226.0,227.0,227.0,226.0,72.0
stationary,142614,142628,226.0,226.0,226.0,226.0,226.0,226.0,226.0,226.0,73.0
stationary,142628,142643,226.0,226.0,226.0,226.0,226.0,226.0,226.0,226.0,74.0
stationary,142643,142658,226.0,226.0,226.0,226.0,226.0,226.0,226.0,226.0,74.0
stationary,142658,142672,226.0,226.0,226.0,226.0,226.0,226.0,226.0,226.0,72.0
stationary,142673,142687,226.0,226.0,226.0,226.0,226.0,226.0,226.0,226.0,72.0
stationary,142687,142702,226.0,226.0,226.0,226.0,226.0,226.0,226.0,226.0,72.0
stationary,142702,142716,226.0,226.0,226.0,226.0,226.0,226.0,226.0,226.0,73.0
stationary,142717,142731,226.0,226.0,226.0,226.0,226.0,226.0,226.0,226.0,71.0
stationary,142731,142746,226.0,226.0,226.0,226.0,226.0,226.0,226.0,226.0,71.0
stationary,142746,142761,226.0,226.0,226.0,226.0,226.0,226.0,226.0,226.0,75.0
stationary,142761,142775,226.0,226.0,226.0,226.0,226.0,226.0,226.0,226.0,75.0
stationary,142776,142790,226.0,226.0,226.0,226.0,226.0,226.0,226.0,226.0,72.0
stationary,142790,142805,226.0,226.0,226.0,226.0,226.0,226.0,226.0,226.0,74.0
stationary,142805,142820,226.0,226.0,226.0,226.0,226.0,226.0,226.0,226.0,72.0
stationary,142820,142834,226.0,226.0,226.0,225.0,226.0,226.0,226.0,226.0,73.0
stationary,142835,142849,226.0,226.0,226.0,226.0,226.0,226.0,226.0,226.0,74.0
stationary,142849,142864,226.0,226.0,226.0,226.0,226.0,226.0,225.0,226.0,74.0
stationary,142864,142878,226.0,226.0,226.0,226.0,226.0,226.0,226.0,226.0,73.0
stationary,142879,142893,226.0,226.0,226.0,225.0,225.0,226.0,226.0,226.0,73.0
stationary,142894,142908,226.0,225.0,225.0,226.0,225.0,226.0,226.0,225.0,75.0
stationary,142908,142923,226.0,225.0,226.0,226.0,226.0,226.0,225.0,226.0,74.0
stationary,142923,142937,226.0,226.0,226.0,226.0,226.0,226.0,226.0,225.0,74.0
stationary,142938,142952,226.0,225.0,226.0,225.0,226.0,226.0,226.0,225.0,71.0
stationary,142953,142967,226.0,226.0,226.0,226.0,226.0,226.0,226.0,225.0,70.0
stationary,142967,142982,226.0,226.0,226.0,226.0,226.0,225.0,226.0,226.0,73.0
stationary,142982,142997,226.0,226.0,226.0,225.0,225.0,226.0,226.0,226.0,73.0
stationary,142997,143011,226.0,226.0,226.0,226.0,226.0,226.0,226.0,226.0,73.0
stationary,143012,143026,225.0,225.0,226.0,225.0,226.0,226.0,226.0,226.0,74.0
stationary,143026,143041,226.0,226.0,226.0,226.0,225.0,226.0,226.0,226.0,70.0
stationary,143041,143056,225.0,226.0,226.0,225.0,226.0,225.0,226.0,226.0,74.0
stationary,143056,143070,226.0,226.0,226.0,225.0,226.0,226.0,226.0,225.0,72.0
stationary,143071,143085,225.0,225.0,226.0,225.0,226.0,226.0,226.0,226.0,73.0
stationary,143085,143100,225.0,226.0,225.0,226.0,226.0,225.0,226.0,225.0,72.0
stationary,143100,143115,226.0,225.0,226.0,226.0,226.0,225.0,226.0,226.0,72.0
stationary,143115,143129,226.0,226.0,225.0,225.0,225.0,226.0,225.0,226.0,74.0
stationary,143130,143144,226.0,225.0,226.0,226.0,225.0,225.0,226.0,226.0,73.0
stationary,143145,143159,226.0,225.0,226.0,225.0,226.0,226.0,226.0,226.0,72.0
stationary,143159,143174,225.0,226.0,225.0,225.0,226.0,226.0,226.0,226.0,72.0
stationary,143174,143188,226.0,225.0,226.0,226.0,225.0,226.0,225.0,225.0,72.0
stationary,143189,143203,226.0,225.0,225.0,225.0,226.0,226.0,225.0,226.0,72.0
stationary,143204,143218,226.0,226.0,225.0,226.0,226.0,226.0,226.0,226.0,70.0
stationary,143218,143233,226.0,225.0,226.0,226.0,226.0,225.0,226.0,225.0,73.0
stationary,143233,143247,225.0,225.0,226.0,226.0,225.0,226.0,225.0,226.0,73.0
stationary,143248,143262,225.0,225.0,226.0,226.0,226.0,225.0,225.0,225.0,71.0
stationary,143263,143277,225.0,226.0,225.0,225.0,226.0,226.0,226.0,226.0,73.0
stationary,143277,143292,226.0,225.0,225.0,225.0,225.0,226.0,226.0,225.0,73.0
stationary,143292,143306,226.0,225.0,225.0,226.0,225.0,226.0,225.0,225.0,75.0
stationary,143307,143321,226.0,225.0,225.0,225.0,225.0,225.0,225.0,225.0,73.0
stationary,143321,143337,225.0,225.0,225.0,225.0,225.0,225.0,225.0,225.0,74.0
stationary,143338,143352,226.0,225.0,226.0,225.0,225.0,226.0,226.0,226.0,73.0
stationary,143352,143367,226.0,225.0,225.0,225.0,225.0,225.0,226.0,225.0,74.0
stationary,143367,143382,226.0,226.0,226.0,225.0,225.0,225.0,226.0,225.0,73.0
stationary,143382,143396,226.0,225.0,226.0,226.0,225.0,226.0,226.0,225.0,74.0
stationary,143397,143411,225.0,225.0,226.0,225.0,225.0,226.0,225.0,226.0,74.0
stationary,143411,143426,225.0,225.0,226.0,225.0,225.0,225.0,226.0,226.0,73.0
stationary,143426,143441,225.0,225.0,226.0,225.0,225.0,225.0,225.0,225.0,71.0
stationary,143441,143455,225.0,225.0,225.0,226.0,226.0,226.0,226.0,225.0,74.0
stationary,143456,143470,226.0,225.0,226.0,225.0,225.0,225.0,225.0,225.0,73.0
stationary,143470,143485,226.0,225.0,225.0,225.0,225.0,225.0,225.0,225.0,75.0
stationary,143485,143500,226.0,226.0,225.0,226.0,225.0,226.0,225.0,225.0,73.0
stationary,143500,143514,225.0,225.0,225.0,225.0,225.0,226.0,225.0,225.0,73.0
stationary,143515,143529,224.0,224.0,225.0,225.0,224.0,225.0,225.0,225.0,73.0
stationary,143530,143544,232.0,231.0,232.0,234.0,237.0,231.0,232.0,233.0,72.0
stationary,143545,143559,238.0,241.0,242.0,238.0,242.0,242.0,241.0,242.0,70.0
stationary,143559,143574,228.0,227.0,230.0,230.0,231.0,234.0,231.0,229.0,70.0
stationary,143574,143588,230.0,230.0,230.0,230.0,229.0,230.0,230.0,230.0,72.0
stationary,143589,143603,220.0,221.0,223.0,219.0,220.0,231.0,227.0,229.0,74.0
stationary,143604,143618,238.0,240.0,236.0,237.0,235.0,232.0,233.0,231.0,71.0
stationary,143618,143633,229.0,228.0,229.0,232.0,233.0,237.0,232.0,234.0,71.0
stationary,143633,143648,238.0,241.0,238.0,238.0,237.0,239.0,238.0,238.0,73.0
stationary,143648,143663,238.0,238.0,238.0,239.0,239.0,237.0,237.0,237.0,76.0
stationary,143663,143677,222.0,222.0,222.0,223.0,222.0,222.0,222.0,222.0,75.0
stationary,143678,143692,224.0,223.0,223.0,224.0,224.0,223.0,223.0,223.0,75.0
stationary,143693,143707,221.0,221.0,222.0,222.0,222.0,220.0,222.0,221.0,73.0
stationary,143707,143722,231.0,234.0,235.0,228.0,226.0,236.0,238.0,237.0,72.0
stationary,143722,143736,222.0,223.0,223.0,222.0,221.0,225.0,222.0,224.0,76.0
stationary,143737,143751,208.0,208.0,208.0,208.0,208.0,209.0,208.0,209.0,77.0
stationary,143752,143766,213.0,213.0,216.0,212.0,212.0,233.0,232.0,223.0,72.0
stationary,143766,143781,246.0,252.0,243.0,262.0,261.0,243.0,258.0,254.0,73.0
stationary,143781,143796,240.0,243.0,239.0,240.0,238.0,230.0,239.0,238.0,71.0
stationary,143796,143810,239.0,241.0,240.0,237.0,249.0,232.0,240.0,239.0,74.0
stationary,143811,143825,233.0,235.0,233.0,234.0,228.0,232.0,230.0,231.0,71.0
stationary,143826,143840,238.0,238.0,237.0,238.0,237.0,237.0,237.0,237.0,70.0
stationary,143840,143855,229.0,229.0,229.0,229.0,230.0,230.0,230.0,230.0,72.0
stationary,143855,143870,231.0,232.0,231.0,232.0,233.0,233.0,231.0,233.0,70.0
stationary,143870,143884,223.0,224.0,226.0,222.0,222.0,240.0,229.0,237.0,73.0
stationary,143885,143899,222.0,222.0,222.0,223.0,223.0,222.0,222.0,222.0,72.0
stationary,143900,143914,238.0,238.0,239.0,240.0,240.0,241.0,239.0,239.0,71.0
stationary,143914,143929,252.0,258.0,256.0,249.0,258.0,267.0,263.0,269.0,70.0
stationary,143929,143944,224.0,225.0,225.0,225.0,225.0,228.0,226.0,227.0,76.0
stationary,143944,143958,251.0,251.0,247.0,250.0,250.0,245.0,246.0,245.0,78.0
stationary,143959,143973,259.0,257.0,257.0,259.0,258.0,256.0,257.0,257.0,78.0
stationary,143974,143988,249.0,249.0,251.0,249.0,249.0,248.0,250.0,250.0,73.0
stationary,143988,144003,239.0,240.0,240.0,239.0,240.0,241.0,240.0,241.0,72.0
stationary,144003,144017,238.0,238.0,239.0,238.0,238.0,239.0,239.0,239.0,70.0
stationary,144018,144032,244.0,244.0,244.0,244.0,244.0,243.0,243.0,243.0,71.0
stationary,144033,144047,242.0,242.0,242.0,242.0,242.0,242.0,242.0,242.0,74.0
stationary,144047,144062,245.0,245.0,245.0,245.0,245.0,244.0,245.0,244.0,73.0
stationary,144062,144077,247.0,247.0,247.0,247.0,248.0,247.0,247.0,247.0,75.0
stationary,144077,144091,247.0,246.0,246.0,247.0,246.0,245.0,246.0,246.0,74.0
stationary,144092,144106,231.0,233.0,233.0,232.0,236.0,238.0,235.0,237.0,70.0
stationary,144106,144121,243.0,254.0,248.0,248.0,250.0,248.0,244.0,243.0,71.0
stationary,144121,144136,241.0,244.0,246.0,241.0,241.0,242.0,249.0,246.0,72.0
stationary,144136,144150,250.0,244.0,245.0,242.0,251.0,238.0,243.0,243.0,72.0
stationary,144151,144165,233.0,234.0,233.0,233.0,233.0,233.0,233.0,233.0,73.0
stationary,144166,144180,242.0,242.0,241.0,242.0,247.0,242.0,242.0,242.0,73.0
stationary,144180,144195,231.0,231.0,231.0,231.0,231.0,233.0,232.0,232.0,72.0
stationary,144195,144210,233.0,234.0,233.0,233.0,233.0,234.0,233.0,234.0,75.0
stationary,144210,144224,228.0,228.0,228.0,229.0,228.0,228.0,228.0,228.0,71.0
stationary,144225,144239,235.0,235.0,235.0,236.0,236.0,237.0,235.0,235.0,71.0
stationary,144239,144254,229.0,229.0,229.0,228.0,228.0,228.0,228.0,228.0,73.0
stationary,144254,144268,226.0,226.0,226.0,226.0,226.0,226.0,226.0,226.0,72.0
stationary,144269,144283,227.0,227.0,227.0,227.0,227.0,227.0,227.0,227.0,73.0
stationary,144283,144298,227.0,227.0,227.0,228.0,228.0,227.0,227.0,226.0,70.0
stationary,144298,144313,226.0,226.0,226.0,227.0,227.0,226.0,226.0,227.0,72.0
stationary,144313,144327,225.0,225.0,225.0,225.0,225.0,224.0,225.0,225.0,72.0
stationary,144328,144342,227.0,226.0,226.0,226.0,226.0,226.0,226.0,226.0,71.0
stationary,144343,144357,225.0,226.0,226.0,225.0,225.0,225.0,226.0,225.0,74.0
stationary,144357,144372,224.0,224.0,224.0,224.0,224.0,224.0,224.0,224.0,75.0
stationary,144372,144387,223.0,223.0,223.0,223.0,223.0,223.0,223.0,223.0,77.0
stationary,144387,144401,225.0,224.0,224.0,225.0,225.0,224.0,224.0,224.0,76.0
stationary,144402,144416,225.0,225.0,225.0,225.0,225.0,225.0,225.0,225.0,75.0
stationary,144417,144431,227.0,227.0,227.0,227.0,227.0,227.0,227.0,227.0,73.0
stationary,144431,144446,227.0,228.0,228.0,228.0,228.0,227.0,227.0,228.0,71.0
stationary,144446,144461,227.0,227.0,227.0,227.0,227.0,227.0,227.0,227.0,73.0
stationary,144461,144475,227.0,227.0,227.0,227.0,227.0,227.0,227.0,227.0,73.0
stationary,144476,144490,229.0,229.0,228.0,228.0,228.0,228.0,228.0,228.0,72.0
stationary,144491,144505,227.0,227.0,227.0,227.0,227.0,227.0,227.0,227.0,73.0
stationary,144505,144520,227.0,226.0,226.0,226.0,226.0,226.0,226.0,226.0,73.0
stationary,144520,144535,226.0,226.0,226.0,226.0,226.0,226.0,226.0,226.0,75.0
stationary,144535,144549,224.0,224.0,224.0,224.0,224.0,224.0,224.0,224.0,71.0
stationary,144550,144564,225.0,225.0,225.0,225.0,225.0,225.0,225.0,225.0,73.0
stationary,144564,144579,229.0,228.0,229.0,228.0,228.0,230.0,229.0,230.0,73.0
stationary,144579,144593,225.0,225.0,225.0,225.0,225.0,225.0,225.0,225.0,72.0
stationary,144594,144608,225.0,225.0,225.0,225.0,225.0,225.0,225.0,225.0,74.0
stationary,144609,144623,225.0,225.0,225.0,224.0,225.0,225.0,225.0,225.0,74.0
stationary,144623,144638,224.0,224.0,224.0,224.0,224.0,224.0,224.0,224.0,75.0
stationary,144638,144652,224.0,224.0,224.0,225.0,224.0,224.0,224.0,224.0,74.0
stationary,144653,144667,225.0,225.0,225.0,225.0,225.0,225.0,225.0,225.0,77.0
stationary,144667,144682,226.0,226.0,226.0,226.0,226.0,225.0,225.0,225.0,73.0
stationary,144682,144697,227.0,226.0,227.0,227.0,227.0,226.0,226.0,226.0,72.0
stationary,144697,144711,227.0,227.0,227.0,227.0,227.0,227.0,228.0,228.0,72.0
stationary,144712,144726,227.0,227.0,227.0,228.0,227.0,227.0,227.0,227.0,73.0
stationary,144727,144741,226.0,226.0,227.0,227.0,226.0,227.0,227.0,226.0,74.0
stationary,144741,144756,225.0,225.0,225.0,225.0,225.0,225.0,225.0,225.0,74.0
stationary,144756,144770,225.0,225.0,225.0,225.0,225.0,225.0,225.0,225.0,76.0
stationary,144771,144785,225.0,225.0,224.0,224.0,225.0,225.0,225.0,225.0,75.0
stationary,144786,144800,225.0,224.0,224.0,224.0,225.0,225.0,224.0,225.0,73.0
stationary,144800,144815,225.0,225.0,225.0,225.0,225.0,225.0,225.0,225.0,72.0
stationary,144815,144829,225.0,226.0,225.0,225.0,225.0,225.0,225.0,225.0,74.0
stationary,144830,144844,225.0,225.0,225.0,225.0,225.0,225.0,225.0,225.0,72.0
stationary,144845,144859,225.0,225.0,225.0,225.0,225.0,225.0,225.0,225.0,74.0
stationary,144859,144874,225.0,225.0,225.0,225.0,224.0,224.0,225.0,225.0,73.0
stationary,144874,144888,224.0,224.0,224.0,224.0,224.0,224.0,224.0,224.0,75.0
stationary,144889,144903,224.0,224.0,223.0,224.0,223.0,223.0,224.0,224.0,73.0
stationary,144904,144918,224.0,224.0,224.0,224.0,224.0,224.0,223.0,224.0,73.0
stationary,144918,144933,224.0,223.0,224.0,224.0,224.0,224.0,223.0,224.0,75.0
stationary,144933,144947,223.0,223.0,223.0,223.0,223.0,223.0,223.0,223.0,73.0
stationary,144948,144962,223.0,223.0,223.0,223.0,223.0,223.0,223.0,223.0,75.0
stationary,144963,144977,223.0,223.0,223.0,223.0,223.0,223.0,223.0,223.0,75.0
stationary,144977,144992,223.0,223.0,223.0,223.0,223.0,223.0,223.0,223.0,76.0
stationary,144992,145006,223.0,223.0,222.0,223.0,223.0,223.0,223.0,223.0,73.0
stationary,145007,145021,223.0,222.0,222.0,223.0,222.0,222.0,223.0,223.0,76.0
stationary,145022,145036,222.0,223.0,223.0,223.0,222.0,223.0,223.0,223.0,75.0
stationary,145036,145051,223.0,223.0,223.0,223.0,223.0,223.0,223.0,223.0,75.0
stationary,145051,145065,223.0,223.0,223.0,223.0,223.0,223.0,223.0,223.0,73.0
stationary,145066,145080,223.0,223.0,223.0,223.0,223.0,223.0,223.0,223.0,75.0
stationary,145080,145095,223.0,223.0,222.0,223.0,223.0,222.0,222.0,222.0,74.0
stationary,145095,145109,222.0,222.0,222.0,223.0,222.0,223.0,222.0,222.0,74.0
stationary,145110,145124,222.0,223.0,222.0,223.0,223.0,223.0,222.0,223.0,74.0
stationary,145124,145139,222.0,222.0,222.0,222.0,222.0,222.0,222.0,222.0,76.0
stationary,145139,145153,222.0,222.0,223.0,222.0,222.0,222.0,222.0,222.0,74.0
stationary,145154,145168,222.0,222.0,222.0,222.0,222.0,222.0,222.0,222.0,74.0
stationary,145169,145183,222.0,223.0,223.0,222.0,222.0,223.0,222.0,222.0,75.0
stationary,145183,145198,222.0,222.0,222.0,222.0,222.0,222.0,222.0,222.0,74.0
stationary,145198,145212,223.0,222.0,222.0,222.0,223.0,222.0,222.0,222.0,74.0
stationary,145213,145227,222.0,222.0,222.0,222.0,222.0,222.0,222.0,222.0,72.0
stationary,145228,145242,222.0,222.0,222.0,222.0,222.0,222.0,222.0,222.0,73.0
stationary,145242,145257,222.0,222.0,222.0,222.0,222.0,222.0,222.0,222.0,76.0
stationary,145257,145271,222.0,222.0,222.0,222.0,222.0,222.0,222.0,222.0,76.0
stationary,145272,145286,222.0,222.0,222.0,222.0,222.0,222.0,222.0,222.0,77.0
stationary,145287,145301,222.0,222.0,222.0,222.0,222.0,222.0,222.0,222.0,78.0
stationary,145301,145316,222.0,222.0,223.0,223.0,223.0,222.0,222.0,222.0,75.0
stationary,145316,145330,223.0,223.0,223.0,223.0,223.0,223.0,222.0,223.0,75.0
stationary,145331,145345,223.0,223.0,223.0,223.0,223.0,223.0,223.0,223.0,75.0
stationary,145346,145360,223.0,223.0,223.0,223.0,223.0,223.0,223.0,223.0,74.0
stationary,145360,145375,223.0,223.0,223.0,223.0,223.0,223.0,223.0,223.0,76.0
stationary,145375,145390,223.0,223.0,223.0,223.0,223.0,223.0,223.0,223.0,78.0
stationary,145390,145404,223.0,223.0,223.0,223.0,223.0,223.0,223.0,223.0,75.0
stationary,145405,145419,223.0,223.0,223.0,223.0,223.0,223.0,223.0,223.0,74.0
stationary,145419,145434,223.0,223.0,222.0,223.0,223.0,223.0,222.0,223.0,73.0
stationary,145434,145449,222.0,223.0,223.0,223.0,223.0,222.0,223.0,222.0,73.0
stationary,145449,145463,223.0,223.0,223.0,223.0,223.0,223.0,223.0,223.0,73.0
stationary,145464,145478,223.0,223.0,223.0,223.0,223.0,223.0,223.0,223.0,75.0
stationary,145479,145493,223.0,223.0,223.0,223.0,223.0,223.0,223.0,223.0,75.0
stationary,145493,145508,223.0,223.0,223.0,223.0,223.0,223.0,223.0,223.0,74.0
stationary,145508,145522,222.0,222.0,223.0,223.0,223.0,223.0,223.0,223.0,76.0
stationary,145523,145537,223.0,223.0,223.0,223.0,223.0,223.0,223.0,223.0,74.0
stationary,145537,145552,223.0,223.0,222.0,223.0,223.0,223.0,223.0,223.0,74.0
stationary,145552,145566,223.0,223.0,223.0,223.0,223.0,223.0,223.0,223.0,75.0
stationary,145567,145581,223.0,222.0,223.0,222.0,223.0,223.0,222.0,223.0,75.0
stationary,145581,145596,223.0,223.0,223.0,223.0,223.0,223.0,223.0,223.0,73.0
stationary,145596,145610,223.0,223.0,223.0,223.0,223.0,223.0,223.0,223.0,74.0
stationary,145611,145625,223.0,223.0,223.0,223.0,223.0,223.0,223.0,223.0,73.0
stationary,145626,145640,223.0,223.0,223.0,223.0,223.0,223.0,223.0,222.0,75.0
stationary,145640,145655,223.0,223.0,223.0,223.0,223.0,223.0,223.0,223.0,75.0
stationary,145655,145669,223.0,223.0,223.0,223.0,223.0,223.0,223.0,223.0,75.0
stationary,145670,145684,223.0,223.0,223.0,223.0,223.0,223.0,223.0,222.0,74.0
stationary,145685,145699,222.0,222.0,222.0,222.0,222.0,222.0,222.0,222.0,76.0
stationary,145699,145714,222.0,222.0,222.0,222.0,222.0,222.0,222.0,222.0,74.0
stationary,145714,145728,222.0,222.0,222.0,222.0,222.0,222.0,222.0,222.0,74.0
stationary,145729,145743,222.0,222.0,222.0,222.0,222.0,222.0,222.0,222.0,72.0
stationary,145743,145758,222.0,222.0,222.0,222.0,222.0,222.0,222.0,222.0,76.0
stationary,145758,145773,222.0,222.0,222.0,222.0,222.0,222.0,222.0,222.0,74.0
stationary,145773,145787,222.0,222.0,222.0,222.0,222.0,222.0,222.0,222.0,74.0
stationary,145788,145802,222.0,222.0,222.0,222.0,222.0,222.0,222.0,222.0,76.0
stationary,145802,145817,222.0,222.0,222.0,222.0,222.0,222.0,221.0,222.0,75.0
stationary,145817,145831,222.0,222.0,222.0,222.0,222.0,222.0,222.0,222.0,75.0
stationary,145832,145846,222.0,222.0,222.0,222.0,222.0,222.0,222.0,222.0,75.0
stationary,145847,145861,222.0,222.0,221.0,222.0,222.0,222.0,222.0,222.0,76.0
stationary,145861,145876,222.0,222.0,222.0,222.0,222.0,222.0,222.0,222.0,73.0
stationary,145876,145890,221.0,221.0,221.0,222.0,222.0,222.0,222.0,222.0,75.0
stationary,145891,145905,222.0,221.0,222.0,221.0,221.0,222.0,221.0,221.0,73.0
stationary,145905,145920,222.0,221.0,222.0,222.0,222.0,222.0,222.0,222.0,76.0
stationary,145920,145935,221.0,221.0,222.0,221.0,221.0,222.0,221.0,222.0,75.0
stationary,145935,145949,221.0,222.0,221.0,222.0,221.0,221.0,222.0,221.0,76.0
stationary,145950,145964,222.0,221.0,222.0,221.0,222.0,222.0,222.0,222.0,73.0
stationary,145965,145979,222.0,221.0,221.0,221.0,221.0,221.0,222.0,222.0,75.0
stationary,145979,145994,221.0,222.0,222.0,221.0,221.0,221.0,221.0,221.0,76.0
stationary,145994,146008,221.0,222.0,221.0,221.0,221.0,221.0,222.0,221.0,75.0
stationary,146009,146023,221.0,221.0,221.0,221.0,221.0,221.0,222.0,222.0,77.0
stationary,146024,146038,222.0,222.0,222.0,221.0,221.0,221.0,221.0,221.0,75.0
stationary,146038,146053,222.0,221.0,222.0,221.0,222.0,221.0,222.0,222.0,76.0
stationary,146053,146067,222.0,221.0,221.0,222.0,221.0,222.0,222.0,221.0,73.0
stationary,146068,146082,221.0,221.0,222.0,222.0,221.0,221.0,221.0,221.0,74.0
stationary,146082,146097,222.0,221.0,221.0,221.0,222.0,221.0,221.0,221.0,75.0
stationary,146097,146111,221.0,221.0,221.0,221.0,221.0,221.0,221.0,221.0,74.0
stationary,146112,146126,221.0,221.0,221.0,221.0,222.0,221.0,222.0,221.0,75.0
stationary,146127,146141,221.0,221.0,221.0,221.0,221.0,221.0,221.0,222.0,76.0
stationary,146141,146156,221.0,221.0,221.0,221.0,221.0,221.0,221.0,221.0,76.0
stationary,146156,146170,221.0,221.0,221.0,221.0,221.0,221.0,221.0,221.0,74.0
stationary,146171,146185,222.0,221.0,221.0,221.0,221.0,221.0,221.0,221.0,73.0
stationary,146186,146200,221.0,222.0,221.0,221.0,221.0,221.0,221.0,221.0,76.0
stationary,146200,146215,221.0,222.0,221.0,221.0,221.0,221.0,221.0,221.0,77.0
stationary,146215,146229,221.0,221.0,221.0,221.0,221.0,221.0,221.0,221.0,75.0
stationary,146230,146244,221.0,221.0,221.0,221.0,221.0,221.0,221.0,221.0,76.0
stationary,146245,146259,221.0,221.0,221.0,221.0,221.0,221.0,221.0,221.0,75.0
stationary,146259,146274,221.0,221.0,221.0,222.0,221.0,221.0,221.0,221.0,74.0
stationary,146274,146288,221.0,221.0,221.0,221.0,221.0,221.0,221.0,221.0,74.0
stationary,146289,146303,221.0,221.0,221.0,221.0,221.0,221.0,221.0,221.0,75.0
stationary,146303,146318,221.0,221.0,221.0,221.0,221.0,221.0,221.0,221.0,75.0
stationary,146318,146332,221.0,221.0,221.0,221.0,221.0,221.0,221.0,221.0,76.0
stationary,146333,146347,221.0,221.0,221.0,221.0,221.0,221.0,221.0,221.0,75.0
stationary,146347,146362,221.0,221.0,221.0,221.0,221.0,221.0,221.0,221.0,74.0
stationary,146362,146377,221.0,221.0,221.0,221.0,221.0,221.0,221.0,221.0,77.0
stationary,146377,146391,221.0,221.0,221.0,221.0,221.0,221.0,221.0,221.0,75.0
stationary,146392,146406,221.0,221.0,221.0,221.0,221.0,221.0,221.0,221.0,77.0
stationary,146406,146421,221.0,221.0,221.0,221.0,221.0,221.0,221.0,221.0,74.0
stationary,146421,146436,221.0,221.0,221.0,221.0,221.0,221.0,221.0,221.0,75.0
stationary,146436,146450,221.0,221.0,221.0,221.0,221.0,221.0,221.0,221.0,75.0
stationary,146451,146465,221.0,221.0,221.0,221.0,221.0,221.0,221.0,221.0,75.0
stationary,146465,146480,221.0,221.0,221.0,221.0,221.0,221.0,221.0,221.0,76.0
stationary,146480,146494,221.0,221.0,221.0,221.0,221.0,221.0,221.0,221.0,74.0
stationary,146495,146509,221.0,221.0,221.0,221.0,221.0,221.0,221.0,221.0,75.0
stationary,146510,146524,221.0,221.0,221.0,221.0,221.0,221.0,221.0,221.0,76.0
stationary,146524,146539,221.0,221.0,221.0,221.0,221.0,221.0,221.0,221.0,74.0
stationary,146539,146553,221.0,221.0,221.0,221.0,221.0,221.0,221.0,221.0,75.0
stationary,146554,146568,221.0,221.0,221.0,221.0,221.0,221.0,221.0,221.0,75.0
stationary,146568,146583,221.0,221.0,221.0,221.0,221.0,221.0,221.0,221.0,77.0
stationary,146583,146597,221.0,221.0,221.0,221.0,221.0,221.0,221.0,221.0,74.0
stationary,146598,146612,221.0,221.0,221.0,221.0,221.0,221.0,221.0,221.0,73.0
stationary,146613,146627,221.0,221.0,221.0,221.0,221.0,221.0,221.0,221.0,76.0
stationary,146627,146642,221.0,221.0,221.0,221.0,221.0,221.0,221.0,221.0,76.0
stationary,146642,146656,221.0,221.0,221.0,221.0,221.0,221.0,221.0,221.0,76.0
stationary,146657,146671,221.0,221.0,221.0,221.0,221.0,221.0,221.0,221.0,77.0
stationary,146672,146686,221.0,221.0,221.0,221.0,221.0,221.0,221.0,222.0,73.0
stationary,146686,146701,221.0,221.0,221.0,221.0,221.0,221.0,221.0,221.0,76.0
stationary,146701,146715,221.0,221.0,221.0,221.0,221.0,222.0,221.0,221.0,74.0
stationary,146716,146730,221.0,221.0,221.0,221.0,221.0,221.0,221.0,221.0,74.0
stationary,146730,146745,222.0,221.0,221.0,221.0,221.0,221.0,221.0,221.0,74.0
stationary,146745,146760,221.0,222.0,221.0,221.0,221.0,221.0,221.0,221.0,73.0
stationary,146760,146774,221.0,221.0,221.0,222.0,221.0,221.0,222.0,221.0,74.0
stationary,146775,146789,221.0,221.0,221.0,221.0,221.0,221.0,221.0,221.0,76.0
stationary,146789,146804,221.0,221.0,221.0,221.0,221.0,221.0,221.0,221.0,76.0
stationary,146804,146818,221.0,221.0,221.0,221.0,221.0,221.0,221.0,221.0,74.0
stationary,146819,146833,221.0,221.0,221.0,221.0,221.0,221.0,221.0,221.0,76.0
stationary,146834,146848,221.0,222.0,221.0,221.0,221.0,221.0,221.0,221.0,73.0
stationary,146848,146863,221.0,221.0,221.0,221.0,221.0,221.0,221.0,221.0,75.0
stationary,146863,146878,222.0,221.0,221.0,221.0,221.0,221.0,221.0,221.0,76.0
stationary,146878,146892,222.0,221.0,221.0,221.0,221.0,221.0,221.0,221.0,76.0
stationary,146893,146907,221.0,221.0,221.0,221.0,222.0,221.0,221.0,221.0,73.0
stationary,146907,146922,222.0,221.0,221.0,222.0,221.0,222.0,221.0,221.0,75.0
stationary,146922,146936,222.0,221.0,221.0,221.0,221.0,221.0,221.0,221.0,75.0
stationary,146937,146951,221.0,221.0,221.0,221.0,221.0,221.0,221.0,222.0,74.0
stationary,146952,146966,221.0,221.0,221.0,221.0,221.0,221.0,221.0,221.0,74.0
stationary,146966,146981,221.0,221.0,221.0,222.0,221.0,221.0,222.0,221.0,76.0
stationary,146981,146995,221.0,221.0,221.0,221.0,221.0,221.0,221.0,221.0,75.0
stationary,146996,147010,221.0,221.0,221.0,221.0,221.0,221.0,221.0,221.0,76.0
stationary,147011,147025,221.0,221.0,221.0,221.0,221.0,221.0,221.0,221.0,76.0
stationary,147025,147040,221.0,221.0,221.0,221.0,221.0,221.0,222.0,221.0,74.0
stationary,147040,147054,221.0,222.0,221.0,221.0,222.0,221.0,221.0,221.0,75.0
stationary,147055,147069,221.0,221.0,221.0,221.0,221.0,221.0,221.0,221.0,77.0
stationary,147069,147084,221.0,221.0,221.0,221.0,221.0,221.0,221.0,221.0,76.0
stationary,147084,147100,221.0,221.0,221.0,221.0,221.0,221.0,221.0,221.0,74.0
stationary,147101,147115,221.0,222.0,221.0,221.0,222.0,221.0,221.0,221.0,75.0
stationary,147116,147130,221.0,221.0,221.0,221.0,221.0,221.0,221.0,221.0,75.0
stationary,147130,147145,221.0,221.0,221.0,221.0,221.0,221.0,221.0,221.0,75.0
stationary,147145,147160,221.0,221.0,221.0,221.0,221.0,221.0,221.0,221.0,72.0
stationary,147160,147174,221.0,221.0,221.0,221.0,221.0,221.0,221.0,221.0,74.0
stationary,147175,147189,221.0,221.0,221.0,221.0,221.0,221.0,221.0,221.0,75.0
stationary,147189,147204,221.0,221.0,221.0,221.0,221.0,221.0,221.0,221.0,75.0
stationary,147204,147219,221.0,221.0,221.0,221.0,221.0,222.0,221.0,221.0,75.0
stationary,147219,147233,221.0,221.0,221.0,221.0,221.0,221.0,221.0,221.0,73.0
stationary,147234,147248,221.0,221.0,221.0,222.0,221.0,221.0,221.0,221.0,77.0
stationary,147249,147263,221.0,221.0,221.0,221.0,221.0,221.0,221.0,221.0,76.0
stationary,147263,147278,221.0,221.0,221.0,221.0,221.0,221.0,221.0,221.0,74.0
stationary,147278,147292,221.0,221.0,221.0,221.0,221.0,221.0,221.0,221.0,75.0
stationary,147293,147307,221.0,221.0,221.0,221.0,221.0,221.0,221.0,221.0,77.0
stationary,147308,147322,221.0,222.0,221.0,221.0,221.0,221.0,221.0,221.0,77.0
stationary,147322,147337,222.0,221.0,221.0,221.0,221.0,221.0,221.0,221.0,74.0
stationary,147337,147352,222.0,221.0,222.0,221.0,221.0,221.0,221.0,222.0,76.0
stationary,147352,147366,222.0,222.0,222.0,223.0,223.0,222.0,222.0,222.0,75.0
stationary,147367,147381,222.0,222.0,222.0,222.0,222.0,223.0,223.0,223.0,75.0
stationary,147382,147396,222.0,223.0,222.0,222.0,222.0,222.0,222.0,222.0,74.0
stationary,147396,147411,223.0,222.0,222.0,222.0,222.0,222.0,222.0,222.0,74.0
stationary,147411,147426,222.0,223.0,222.0,223.0,223.0,222.0,222.0,222.0,75.0
stationary,147426,147441,222.0,222.0,223.0,222.0,223.0,222.0,222.0,222.0,72.0
stationary,147441,147455,222.0,223.0,222.0,222.0,223.0,223.0,222.0,223.0,76.0
stationary,147456,147470,222.0,222.0,222.0,222.0,223.0,222.0,222.0,222.0,73.0
stationary,147471,147485,222.0,222.0,222.0,222.0,222.0,222.0,222.0,222.0,74.0
stationary,147485,147500,222.0,222.0,222.0,222.0,222.0,222.0,222.0,222.0,74.0
stationary,147500,147515,222.0,222.0,223.0,222.0,222.0,222.0,222.0,222.0,74.0
stationary,147515,147529,222.0,222.0,222.0,223.0,222.0,222.0,223.0,222.0,74.0
stationary,147530,147544,222.0,222.0,222.0,222.0,222.0,222.0,222.0,222.0,75.0
stationary,147544,147559,222.0,222.0,222.0,222.0,222.0,222.0,222.0,222.0,75.0
stationary,147559,147574,222.0,222.0,222.0,222.0,222.0,222.0,222.0,223.0,78.0
stationary,147574,147588,222.0,222.0,222.0,222.0,222.0,222.0,222.0,222.0,74.0
stationary,147589,147603,222.0,222.0,222.0,222.0,222.0,222.0,222.0,222.0,75.0
stationary,147604,147618,222.0,222.0,222.0,222.0,222.0,222.0,222.0,222.0,75.0
stationary,147618,147633,222.0,222.0,222.0,222.0,222.0,222.0,222.0,222.0,75.0
stationary,147633,147647,222.0,222.0,222.0,222.0,222.0,222.0,222.0,222.0,74.0
stationary,147648,147662,222.0,222.0,222.0,222.0,222.0,222.0,222.0,222.0,74.0
stationary,147663,147677,222.0,222.0,222.0,222.0,222.0,222.0,222.0,222.0,75.0
stationary,147677,147692,222.0,222.0,222.0,222.0,222.0,222.0,222.0,222.0,73.0
stationary,147692,147707,221.0,222.0,222.0,221.0,222.0,222.0,222.0,222.0,74.0
stationary,147707,147721,222.0,222.0,222.0,222.0,222.0,222.0,222.0,222.0,75.0
stationary,147722,147736,221.0,222.0,222.0,221.0,222.0,222.0,221.0,222.0,75.0
stationary,147736,147751,221.0,222.0,222.0,221.0,221.0,222.0,222.0,222.0,75.0
stationary,147751,147765,222.0,222.0,222.0,221.0,222.0,222.0,222.0,222.0,74.0
stationary,147766,147780,221.0,221.0,221.0,222.0,221.0,222.0,222.0,222.0,74.0
stationary,147781,147795,222.0,222.0,221.0,221.0,222.0,221.0,222.0,221.0,75.0
stationary,147795,147810,221.0,221.0,221.0,221.0,222.0,221.0,221.0,222.0,76.0
stationary,147810,147824,221.0,221.0,221.0,221.0,221.0,221.0,222.0,221.0,77.0
stationary,147825,147839,223.0,223.0,222.0,222.0,223.0,222.0,222.0,223.0,77.0
stationary,147840,147854,222.0,222.0,222.0,222.0,222.0,222.0,222.0,222.0,76.0
stationary,147854,147869,219.0,219.0,219.0,219.0,219.0,219.0,219.0,219.0,74.0
stationary,147869,147884,222.0,222.0,222.0,222.0,222.0,222.0,222.0,222.0,77.0
stationary,147884,147898,221.0,221.0,222.0,222.0,222.0,222.0,221.0,221.0,78.0
stationary,147899,147913,222.0,221.0,221.0,221.0,221.0,221.0,221.0,221.0,75.0
stationary,147913,147928,221.0,221.0,221.0,221.0,221.0,221.0,221.0,221.0,73.0
stationary,147928,147943,221.0,221.0,221.0,221.0,221.0,221.0,221.0,221.0,74.0
stationary,147943,147957,221.0,221.0,221.0,221.0,221.0,221.0,221.0,221.0,74.0
stationary,147958,147972,221.0,221.0,221.0,221.0,221.0,221.0,221.0,221.0,74.0
stationary,147973,147987,221.0,221.0,221.0,221.0,221.0,221.0,221.0,221.0,77.0
stationary,147987,148002,221.0,221.0,221.0,221.0,221.0,221.0,221.0,221.0,74.0
stationary,148002,148016,221.0,221.0,221.0,221.0,221.0,221.0,221.0,221.0,74.0
stationary,148017,148031,221.0,221.0,221.0,221.0,221.0,221.0,221.0,221.0,75.0
stationary,148032,148046,221.0,221.0,221.0,221.0,221.0,221.0,221.0,221.0,77.0
stationary,148047,148061,221.0,221.0,221.0,221.0,221.0,221.0,222.0,221.0,76.0
stationary,148061,148076,221.0,221.0,221.0,221.0,221.0,221.0,221.0,221.0,77.0
stationary,148076,148091,221.0,221.0,221.0,221.0,221.0,221.0,221.0,221.0,76.0
stationary,148091,148105,221.0,221.0,221.0,221.0,221.0,221.0,221.0,221.0,73.0
stationary,148106,148120,221.0,221.0,221.0,221.0,221.0,221.0,221.0,221.0,76.0
stationary,148120,148135,221.0,221.0,221.0,221.0,221.0,221.0,221.0,221.0,75.0
stationary,148135,148150,221.0,221.0,221.0,221.0,221.0,221.0,221.0,221.0,76.0
stationary,148150,148164,221.0,221.0,221.0,221.0,221.0,221.0,221.0,221.0,75.0
stationary,148165,148179,222.0,222.0,221.0,222.0,222.0,221.0,221.0,221.0,76.0
stationary,148180,148194,223.0,223.0,223.0,223.0,223.0,223.0,223.0,224.0,75.0
stationary,148194,148209,220.0,220.0,220.0,220.0,219.0,220.0,220.0,220.0,75.0
stationary,148209,148223,219.0,219.0,219.0,219.0,219.0,219.0,219.0,219.0,76.0
stationary,148224,148238,220.0,220.0,220.0,220.0,220.0,220.0,220.0,220.0,77.0
stationary,148239,148253,220.0,219.0,220.0,219.0,219.0,219.0,220.0,219.0,77.0
stationary,148253,148268,221.0,220.0,220.0,220.0,221.0,220.0,220.0,220.0,77.0
stationary,148268,148282,221.0,221.0,221.0,221.0,220.0,221.0,221.0,221.0,76.0
stationary,148283,148297,230.0,230.0,230.0,230.0,234.0,225.0,228.0,227.0,71.0
stationary,148298,148312,219.0,220.0,219.0,219.0,219.0,220.0,220.0,220.0,75.0
stationary,148312,148327,218.0,218.0,218.0,218.0,218.0,218.0,218.0,218.0,76.0
stationary,148327,148342,231.0,238.0,251.0,230.0,229.0,238.0,242.0,243.0,73.0
stationary,148342,148356,221.0,221.0,220.0,221.0,222.0,219.0,219.0,218.0,74.0
stationary,148357,148371,242.0,239.0,237.0,241.0,243.0,238.0,237.0,238.0,71.0
stationary,148372,148386,221.0,221.0,221.0,221.0,221.0,221.0,220.0,220.0,77.0
stationary,148387,148401,216.0,216.0,216.0,216.0,216.0,216.0,217.0,216.0,77.0
stationary,148402,148416,216.0,216.0,215.0,216.0,216.0,215.0,215.0,215.0,77.0
stationary,148416,148431,215.0,214.0,215.0,215.0,215.0,215.0,215.0,215.0,78.0
stationary,148431,148445,214.0,214.0,214.0,214.0,214.0,214.0,214.0,214.0,77.0
stationary,148446,148460,224.0,223.0,223.0,224.0,224.0,221.0,222.0,221.0,71.0
stationary,148461,148475,225.0,225.0,225.0,225.0,225.0,225.0,225.0,226.0,73.0
stationary,148475,148490,224.0,223.0,223.0,224.0,224.0,223.0,223.0,223.0,75.0
stationary,148490,148505,223.0,223.0,223.0,223.0,223.0,223.0,223.0,223.0,78.0
stationary,148505,148519,219.0,219.0,218.0,219.0,220.0,218.0,218.0,218.0,74.0
stationary,148520,148534,219.0,219.0,219.0,220.0,219.0,219.0,219.0,220.0,77.0
stationary,148534,148549,219.0,219.0,219.0,219.0,219.0,219.0,219.0,219.0,76.0
stationary,148549,148563,228.0,227.0,227.0,229.0,229.0,228.0,227.0,227.0,74.0
stationary,148564,148578,230.0,232.0,232.0,230.0,231.0,231.0,232.0,232.0,73.0
stationary,148579,148593,225.0,225.0,225.0,225.0,225.0,225.0,225.0,225.0,75.0
stationary,148594,148608,243.0,243.0,241.0,242.0,241.0,240.0,241.0,241.0,74.0
stationary,148608,148623,223.0,224.0,224.0,223.0,223.0,225.0,224.0,224.0,77.0
stationary,148623,148637,221.0,221.0,221.0,221.0,220.0,220.0,221.0,220.0,75.0
stationary,148638,148652,223.0,223.0,222.0,223.0,224.0,222.0,222.0,222.0,75.0
stationary,148653,148667,226.0,226.0,226.0,226.0,226.0,226.0,226.0,226.0,73.0
stationary,148667,148682,226.0,226.0,232.0,225.0,225.0,229.0,230.0,230.0,71.0
stationary,148682,148697,230.0,230.0,230.0,230.0,230.0,230.0,230.0,230.0,74.0
stationary,148697,148711,228.0,228.0,228.0,228.0,228.0,228.0,228.0,228.0,72.0
stationary,148712,148726,230.0,231.0,231.0,231.0,231.0,231.0,231.0,231.0,72.0
stationary,148726,148741,232.0,232.0,232.0,231.0,232.0,232.0,232.0,232.0,72.0
stationary,148741,148756,229.0,230.0,231.0,228.0,228.0,232.0,232.0,232.0,75.0
stationary,148756,148771,244.0,244.0,243.0,244.0,244.0,241.0,242.0,241.0,70.0
stationary,148771,148785,226.0,226.0,225.0,225.0,226.0,225.0,225.0,225.0,72.0
stationary,148786,148800,227.0,226.0,226.0,227.0,227.0,226.0,226.0,226.0,72.0
stationary,148801,148815,226.0,226.0,226.0,226.0,226.0,226.0,226.0,227.0,73.0
stationary,148815,148830,226.0,226.0,226.0,227.0,226.0,226.0,226.0,226.0,72.0
stationary,148830,148845,227.0,227.0,227.0,227.0,227.0,227.0,227.0,227.0,73.0
stationary,148845,148859,226.0,226.0,226.0,226.0,226.0,226.0,226.0,226.0,71.0
stationary,148860,148874,227.0,227.0,227.0,227.0,227.0,226.0,227.0,227.0,75.0
stationary,148875,148889,227.0,227.0,227.0,227.0,227.0,227.0,227.0,227.0,72.0
stationary,148889,148904,226.0,226.0,226.0,226.0,226.0,226.0,226.0,226.0,76.0
stationary,148904,148919,227.0,226.0,226.0,227.0,226.0,227.0,227.0,226.0,73.0
stationary,148919,148933,227.0,226.0,226.0,226.0,226.0,227.0,227.0,227.0,74.0
stationary,148934,148948,225.0,226.0,225.0,225.0,225.0,226.0,225.0,226.0,75.0
stationary,148949,148963,225.0,225.0,225.0,225.0,225.0,225.0,225.0,225.0,74.0
stationary,148963,148978,225.0,225.0,225.0,225.0,225.0,225.0,225.0,225.0,75.0
stationary,148978,148993,225.0,225.0,225.0,225.0,225.0,225.0,225.0,225.0,73.0
stationary,148993,149007,225.0,225.0,225.0,225.0,225.0,225.0,225.0,225.0,76.0
stationary,149008,149022,225.0,225.0,225.0,225.0,225.0,225.0,225.0,225.0,72.0
stationary,149023,149037,224.0,224.0,224.0,225.0,225.0,224.0,225.0,225.0,74.0
stationary,149037,149052,230.0,230.0,230.0,231.0,230.0,230.0,230.0,230.0,73.0
stationary,149052,149067,237.0,236.0,236.0,238.0,239.0,236.0,236.0,236.0,71.0
stationary,149067,149081,233.0,233.0,232.0,233.0,233.0,232.0,232.0,232.0,71.0
stationary,149082,149096,227.0,227.0,227.0,227.0,227.0,228.0,227.0,228.0,75.0
stationary,149097,149111,224.0,224.0,224.0,224.0,224.0,224.0,224.0,224.0,75.0
stationary,149111,149126,226.0,226.0,225.0,226.0,227.0,224.0,225.0,225.0,72.0
stationary,149126,149141,235.0,235.0,234.0,235.0,236.0,232.0,234.0,234.0,72.0
stationary,149141,149156,243.0,243.0,243.0,245.0,246.0,243.0,243.0,243.0,71.0
stationary,149156,149170,249.0,250.0,249.0,249.0,249.0,247.0,248.0,248.0,73.0
stationary,149171,149185,240.0,240.0,240.0,241.0,241.0,240.0,240.0,240.0,71.0
stationary,149186,149200,243.0,243.0,244.0,242.0,243.0,243.0,245.0,243.0,74.0
stationary,149200,149215,237.0,237.0,237.0,237.0,238.0,238.0,237.0,238.0,72.0
stationary,149215,149230,241.0,241.0,241.0,241.0,241.0,240.0,241.0,241.0,70.0
stationary,149230,149244,245.0,245.0,245.0,246.0,246.0,243.0,244.0,243.0,73.0
stationary,149245,149259,234.0,234.0,234.0,234.0,234.0,234.0,234.0,234.0,71.0
stationary,149260,149274,234.0,233.0,233.0,234.0,233.0,234.0,234.0,234.0,71.0
stationary,149275,149289,232.0,232.0,231.0,232.0,231.0,231.0,231.0,231.0,73.0
stationary,149289,149304,231.0,230.0,231.0,231.0,230.0,231.0,230.0,231.0,76.0
stationary,149304,149319,231.0,231.0,231.0,231.0,231.0,231.0,231.0,231.0,72.0
stationary,149319,149333,230.0,231.0,230.0,231.0,231.0,230.0,230.0,230.0,71.0
stationary,149334,149348,229.0,229.0,229.0,230.0,229.0,229.0,229.0,229.0,74.0
stationary,149349,149363,228.0,228.0,228.0,228.0,228.0,228.0,228.0,228.0,74.0
stationary,149363,149378,227.0,227.0,227.0,227.0,227.0,227.0,227.0,227.0,72.0
stationary,149378,149393,229.0,230.0,229.0,229.0,229.0,228.0,229.0,229.0,73.0
stationary,149393,149407,239.0,239.0,239.0,239.0,240.0,236.0,238.0,237.0,73.0
stationary,149408,149422,260.0,259.0,259.0,264.0,263.0,257.0,257.0,258.0,81.0
stationary,149423,149437,260.0,260.0,260.0,261.0,261.0,260.0,260.0,260.0,81.0
stationary,149438,149452,251.0,251.0,251.0,251.0,251.0,251.0,251.0,251.0,81.0
stationary,149452,149467,251.0,250.0,250.0,250.0,250.0,250.0,250.0,250.0,82.0
stationary,149467,149482,258.0,258.0,258.0,258.0,258.0,259.0,259.0,259.0,78.0
stationary,149482,149496,250.0,250.0,250.0,250.0,250.0,250.0,250.0,250.0,75.0
stationary,149497,149511,241.0,241.0,241.0,241.0,241.0,241.0,241.0,241.0,72.0
stationary,149512,149526,242.0,242.0,242.0,242.0,242.0,241.0,242.0,242.0,71.0
stationary,149527,149541,236.0,237.0,237.0,237.0,236.0,238.0,237.0,237.0,73.0
stationary,149541,149556,231.0,231.0,232.0,232.0,232.0,233.0,232.0,232.0,70.0
stationary,149556,149571,231.0,232.0,232.0,231.0,231.0,231.0,231.0,232.0,72.0
stationary,149571,149585,228.0,228.0,228.0,228.0,228.0,228.0,228.0,228.0,71.0
stationary,149586,149600,228.0,227.0,227.0,228.0,228.0,227.0,228.0,227.0,74.0
stationary,149601,149615,228.0,228.0,228.0,228.0,229.0,228.0,228.0,228.0,72.0
stationary,149615,149630,232.0,232.0,232.0,232.0,232.0,233.0,232.0,232.0,72.0
stationary,149630,149645,232.0,232.0,232.0,232.0,232.0,231.0,231.0,231.0,71.0
stationary,149645,149659,231.0,230.0,230.0,230.0,230.0,231.0,231.0,231.0,73.0
stationary,149660,149674,229.0,229.0,229.0,228.0,228.0,229.0,229.0,229.0,71.0
stationary,149675,149689,228.0,227.0,228.0,227.0,227.0,227.0,227.0,227.0,72.0
stationary,149689,149704,227.0,227.0,227.0,228.0,227.0,227.0,227.0,227.0,73.0
stationary,149704,149719,226.0,226.0,226.0,226.0,226.0,226.0,226.0,226.0,75.0
stationary,149719,149733,228.0,228.0,228.0,228.0,228.0,227.0,227.0,227.0,72.0
stationary,149734,149748,227.0,227.0,227.0,227.0,227.0,227.0,227.0,227.0,72.0
stationary,149748,149763,226.0,227.0,226.0,227.0,226.0,227.0,226.0,226.0,73.0
stationary,149763,149778,226.0,226.0,226.0,226.0,226.0,226.0,226.0,226.0,76.0
stationary,149778,149792,224.0,225.0,225.0,225.0,224.0,225.0,225.0,225.0,75.0
stationary,149793,149807,224.0,225.0,224.0,224.0,225.0,225.0,224.0,224.0,76.0
stationary,149808,149822,224.0,224.0,225.0,224.0,225.0,224.0,224.0,225.0,73.0
stationary,149822,149837,224.0,224.0,224.0,225.0,224.0,224.0,224.0,224.0,72.0
stationary,149837,149852,225.0,225.0,225.0,225.0,225.0,225.0,225.0,225.0,74.0
stationary,149852,149866,225.0,225.0,225.0,225.0,225.0,225.0,225.0,225.0,73.0
stationary,149867,149881,225.0,225.0,225.0,225.0,225.0,225.0,225.0,225.0,74.0
stationary,149882,149896,225.0,225.0,225.0,225.0,225.0,225.0,225.0,225.0,73.0
stationary,149897,149911,225.0,225.0,225.0,225.0,225.0,225.0,225.0,225.0,74.0
stationary,149911,149926,225.0,225.0,225.0,225.0,225.0,225.0,225.0,225.0,72.0
stationary,149926,149940,225.0,225.0,225.0,225.0,225.0,225.0,225.0,225.0,72.0
stationary,149941,149955,225.0,225.0,225.0,225.0,225.0,225.0,225.0,225.0,73.0
stationary,149955,149970,225.0,225.0,225.0,225.0,225.0,225.0,224.0,225.0,77.0
stationary,149970,149985,225.0,225.0,225.0,225.0,225.0,225.0,225.0,225.0,74.0
stationary,149985,150000,225.0,225.0,225.0,225.0,225.0,225.0,225.0,225.0,75.0
stationary,150000,150014,225.0,225.0,225.0,225.0,225.0,225.0,225.0,225.0,73.0
stationary,150015,150029,225.0,225.0,225.0,226.0,225.0,225.0,225.0,225.0,74.0
stationary,150029,150044,227.0,227.0,227.0,228.0,228.0,227.0,227.0,227.0,73.0
stationary,150044,150059,228.0,228.0,228.0,228.0,228.0,228.0,228.0,228.0,71.0
stationary,150059,150074,228.0,227.0,227.0,227.0,228.0,227.0,227.0,227.0,72.0
stationary,150074,150088,227.0,228.0,227.0,227.0,227.0,227.0,227.0,227.0,74.0
stationary,150089,150103,227.0,227.0,227.0,227.0,227.0,227.0,227.0,227.0,74.0
stationary,150104,150118,227.0,227.0,227.0,227.0,227.0,227.0,227.0,227.0,74.0
stationary,150118,150133,227.0,227.0,227.0,227.0,227.0,227.0,227.0,227.0,74.0
stationary,150133,150147,227.0,227.0,227.0,227.0,227.0,227.0,227.0,227.0,73.0
stationary,150148,150162,226.0,227.0,227.0,226.0,227.0,227.0,227.0,226.0,72.0
stationary,150163,150177,226.0,226.0,227.0,227.0,227.0,227.0,226.0,227.0,74.0
stationary,150178,150192,227.0,227.0,227.0,227.0,227.0,227.0,227.0,227.0,73.0
stationary,150192,150207,227.0,227.0,227.0,227.0,227.0,227.0,227.0,227.0,73.0
stationary,150207,150222,227.0,227.0,227.0,227.0,227.0,227.0,227.0,227.0,72.0
stationary,150222,150236,227.0,227.0,226.0,226.0,227.0,227.0,227.0,227.0,75.0
stationary,150237,150251,227.0,227.0,226.0,227.0,227.0,227.0,227.0,227.0,74.0
stationary,150252,150266,226.0,227.0,227.0,226.0,227.0,227.0,227.0,227.0,73.0
stationary,150267,150281,227.0,227.0,227.0,226.0,226.0,227.0,226.0,227.0,73.0
stationary,150281,150296,227.0,226.0,226.0,227.0,226.0,227.0,227.0,227.0,73.0
stationary,150296,150310,227.0,226.0,227.0,227.0,227.0,226.0,227.0,227.0,73.0
stationary,150311,150325,226.0,227.0,226.0,227.0,226.0,227.0,227.0,227.0,71.0
stationary,150326,150340,227.0,227.0,227.0,227.0,226.0,226.0,227.0,227.0,72.0
stationary,150340,150355,226.0,226.0,227.0,226.0,226.0,226.0,226.0,227.0,74.0
stationary,150355,150370,226.0,226.0,226.0,226.0,227.0,226.0,227.0,226.0,73.0
stationary,150370,150384,227.0,226.0,227.0,227.0,227.0,226.0,227.0,226.0,74.0
stationary,150385,150399,227.0,226.0,226.0,226.0,226.0,226.0,226.0,226.0,73.0
stationary,150400,150414,227.0,226.0,226.0,226.0,226.0,227.0,227.0,227.0,73.0
stationary,150414,150429,226.0,226.0,227.0,227.0,226.0,226.0,226.0,226.0,73.0
stationary,150429,150444,227.0,226.0,227.0,226.0,227.0,226.0,226.0,226.0,73.0
stationary,150444,150459,226.0,227.0,226.0,227.0,227.0,227.0,226.0,226.0,73.0
stationary,150459,150473,226.0,226.0,226.0,226.0,226.0,226.0,226.0,226.0,73.0
stationary,150474,150488,226.0,226.0,226.0,226.0,227.0,227.0,226.0,226.0,72.0
stationary,150489,150503,227.0,226.0,227.0,227.0,227.0,226.0,226.0,226.0,72.0
stationary,150503,150518,226.0,227.0,226.0,227.0,226.0,227.0,226.0,226.0,72.0
stationary,150518,150532,226.0,226.0,227.0,227.0,226.0,226.0,226.0,226.0,72.0
stationary,150533,150547,226.0,227.0,227.0,226.0,226.0,226.0,227.0,227.0,72.0
stationary,150548,150562,226.0,226.0,226.0,226.0,226.0,226.0,226.0,226.0,74.0
stationary,150563,150577,226.0,226.0,226.0,226.0,226.0,227.0,226.0,227.0,74.0
stationary,150577,150592,226.0,226.0,226.0,226.0,227.0,226.0,226.0,226.0,74.0
stationary,150592,150606,227.0,226.0,226.0,226.0,226.0,226.0,226.0,227.0,73.0
stationary,150607,150621,226.0,226.0,227.0,226.0,226.0,226.0,227.0,227.0,75.0
stationary,150622,150636,227.0,226.0,227.0,226.0,226.0,226.0,226.0,226.0,71.0
stationary,150636,150651,226.0,226.0,226.0,226.0,226.0,226.0,227.0,226.0,73.0
stationary,150651,150666,227.0,226.0,227.0,227.0,226.0,227.0,226.0,227.0,74.0
stationary,150666,150680,226.0,227.0,226.0,226.0,227.0,227.0,227.0,226.0,72.0
stationary,150681,150695,227.0,226.0,226.0,226.0,227.0,227.0,226.0,226.0,72.0
stationary,150696,150710,226.0,226.0,226.0,226.0,227.0,226.0,226.0,226.0,71.0
stationary,150710,150725,226.0,226.0,226.0,226.0,226.0,226.0,226.0,226.0,73.0
stationary,150725,150740,226.0,226.0,226.0,226.0,226.0,226.0,226.0,226.0,73.0
stationary,150740,150754,226.0,226.0,226.0,226.0,226.0,226.0,226.0,226.0,73.0
stationary,150755,150769,226.0,226.0,226.0,226.0,226.0,226.0,226.0,226.0,74.0
stationary,150770,150784,226.0,226.0,226.0,226.0,226.0,226.0,226.0,226.0,74.0
stationary,150784,150799,226.0,226.0,226.0,226.0,226.0,226.0,226.0,226.0,72.0
stationary,150799,150813,226.0,226.0,226.0,226.0,226.0,226.0,226.0,226.0,74.0
stationary,150814,150828,226.0,226.0,226.0,226.0,226.0,226.0,226.0,226.0,72.0
stationary,150829,150843,226.0,226.0,226.0,226.0,226.0,226.0,226.0,226.0,73.0
stationary,150843,150858,226.0,226.0,226.0,226.0,226.0,226.0,226.0,226.0,72.0
stationary,150858,150874,226.0,226.0,226.0,226.0,226.0,226.0,226.0,226.0,70.0
stationary,150875,150889,226.0,226.0,226.0,226.0,226.0,226.0,226.0,226.0,72.0
stationary,150889,150904,226.0,226.0,226.0,226.0,226.0,226.0,226.0,226.0,72.0
stationary,150904,150919,226.0,226.0,226.0,226.0,226.0,226.0,226.0,226.0,72.0
stationary,150919,150933,226.0,226.0,226.0,226.0,226.0,226.0,226.0,226.0,72.0
stationary,150934,150948,226.0,225.0,226.0,226.0,226.0,226.0,226.0,226.0,73.0
stationary,150949,150963,226.0,226.0,225.0,226.0,225.0,225.0,225.0,225.0,74.0
stationary,150963,150978,225.0,225.0,225.0,225.0,225.0,225.0,225.0,225.0,73.0
stationary,150978,150993,225.0,225.0,225.0,225.0,225.0,225.0,225.0,225.0,76.0
stationary,150993,151007,225.0,224.0,225.0,224.0,225.0,225.0,225.0,225.0,73.0
stationary,151008,151022,225.0,225.0,225.0,225.0,225.0,225.0,225.0,225.0,70.0
stationary,151023,151037,225.0,226.0,226.0,225.0,226.0,226.0,226.0,226.0,71.0
stationary,151037,151052,225.0,225.0,225.0,225.0,225.0,225.0,225.0,225.0,73.0
stationary,151052,151067,225.0,225.0,225.0,225.0,225.0,225.0,225.0,225.0,73.0
stationary,151067,151081,225.0,225.0,225.0,225.0,225.0,225.0,225.0,225.0,73.0
stationary,151082,151096,225.0,225.0,225.0,225.0,225.0,225.0,224.0,225.0,74.0
stationary,151096,151111,225.0,224.0,225.0,225.0,225.0,225.0,225.0,225.0,75.0
stationary,151111,151126,225.0,225.0,225.0,225.0,225.0,224.0,225.0,225.0,74.0
stationary,151126,151140,224.0,225.0,224.0,225.0,225.0,225.0,225.0,225.0,73.0
stationary,151141,151155,224.0,225.0,225.0,224.0,225.0,225.0,225.0,225.0,72.0
stationary,151156,151170,225.0,224.0,225.0,225.0,225.0,225.0,224.0,225.0,75.0
stationary,151171,151185,224.0,225.0,225.0,225.0,225.0,225.0,225.0,225.0,73.0
stationary,151185,151200,225.0,225.0,224.0,225.0,225.0,225.0,225.0,225.0,74.0
stationary,151200,151214,225.0,225.0,225.0,225.0,225.0,225.0,225.0,225.0,75.0
stationary,151215,151229,225.0,225.0,225.0,225.0,225.0,225.0,225.0,225.0,72.0
stationary,151230,151244,225.0,226.0,225.0,225.0,225.0,225.0,225.0,225.0,75.0
stationary,151244,151259,225.0,225.0,225.0,225.0,225.0,225.0,225.0,225.0,74.0
stationary,151259,151274,225.0,225.0,225.0,225.0,225.0,225.0,225.0,225.0,73.0
stationary,151274,151288,224.0,224.0,224.0,224.0,224.0,224.0,224.0,224.0,74.0
stationary,151289,151303,223.0,222.0,223.0,223.0,223.0,223.0,223.0,223.0,73.0
stationary,151304,151318,223.0,223.0,222.0,222.0,222.0,222.0,222.0,222.0,73.0
stationary,151318,151333,223.0,223.0,223.0,223.0,223.0,223.0,223.0,223.0,73.0
stationary,151333,151348,223.0,223.0,223.0,223.0,223.0,223.0,223.0,223.0,74.0
stationary,151348,151362,223.0,223.0,223.0,223.0,223.0,223.0,223.0,223.0,73.0
stationary,151363,151377,223.0,223.0,223.0,223.0,223.0,223.0,223.0,223.0,73.0
stationary,151378,151392,223.0,223.0,223.0,223.0,223.0,223.0,223.0,223.0,75.0
stationary,151393,151407,223.0,223.0,223.0,223.0,223.0,223.0,223.0,223.0,75.0
stationary,151407,151422,230.0,223.0,224.0,233.0,235.0,229.0,231.0,230.0,69.0
stationary,151422,151437,237.0,237.0,237.0,232.0,236.0,235.0,238.0,239.0,72.0
stationary,151437,151451,240.0,243.0,243.0,238.0,237.0,238.0,241.0,239.0,71.0
stationary,151452,151466,238.0,237.0,233.0,236.0,236.0,232.0,232.0,232.0,73.0
stationary,151467,151481,251.0,250.0,248.0,256.0,257.0,253.0,247.0,253.0,73.0
stationary,151481,151496,239.0,244.0,244.0,236.0,234.0,260.0,249.0,257.0,70.0
stationary,151496,151511,240.0,241.0,242.0,240.0,241.0,242.0,242.0,242.0,70.0
stationary,151511,151526,255.0,254.0,253.0,255.0,256.0,248.0,253.0,250.0,72.0
stationary,151526,151540,235.0,235.0,235.0,235.0,235.0,235.0,235.0,235.0,74.0
stationary,151541,151555,227.0,227.0,227.0,227.0,226.0,227.0,227.0,227.0,75.0
stationary,151555,151570,222.0,222.0,222.0,222.0,222.0,222.0,222.0,222.0,76.0
stationary,151570,151585,223.0,223.0,223.0,223.0,223.0,222.0,223.0,223.0,74.0
stationary,151585,151599,238.0,238.0,239.0,236.0,234.0,237.0,242.0,244.0,73.0
stationary,151600,151614,247.0,243.0,239.0,247.0,245.0,238.0,237.0,238.0,71.0
stationary,151615,151629,255.0,256.0,256.0,254.0,255.0,259.0,257.0,257.0,78.0
stationary,151629,151644,244.0,244.0,244.0,244.0,245.0,244.0,243.0,243.0,71.0
stationary,151644,151659,234.0,233.0,233.0,235.0,235.0,232.0,232.0,232.0,72.0
stationary,151659,151674,241.0,239.0,239.0,241.0,240.0,239.0,240.0,240.0,68.0
stationary,151674,151688,239.0,239.0,239.0,239.0,239.0,239.0,239.0,238.0,69.0
stationary,151689,151703,234.0,234.0,234.0,234.0,234.0,235.0,234.0,234.0,71.0
stationary,151704,151718,233.0,233.0,234.0,234.0,234.0,233.0,233.0,234.0,70.0
stationary,151718,151733,233.0,233.0,233.0,233.0,233.0,233.0,233.0,233.0,70.0
stationary,151733,151748,233.0,233.0,233.0,233.0,232.0,233.0,232.0,233.0,70.0
stationary,151748,151763,235.0,235.0,235.0,235.0,235.0,235.0,235.0,235.0,71.0
stationary,151763,151777,233.0,233.0,233.0,233.0,233.0,233.0,233.0,233.0,72.0
stationary,151778,151792,234.0,234.0,234.0,233.0,234.0,234.0,234.0,234.0,72.0
stationary,151793,151807,234.0,233.0,234.0,234.0,233.0,234.0,234.0,233.0,72.0
stationary,151807,151822,234.0,234.0,234.0,234.0,234.0,234.0,234.0,234.0,72.0
stationary,151822,151836,235.0,235.0,235.0,235.0,235.0,234.0,235.0,235.0,71.0
stationary,151837,151851,234.0,234.0,234.0,234.0,234.0,234.0,234.0,234.0,70.0
stationary,151852,151866,233.0,233.0,233.0,234.0,233.0,233.0,233.0,233.0,72.0
stationary,151867,151881,233.0,233.0,233.0,233.0,233.0,233.0,233.0,233.0,71.0
stationary,151881,151896,233.0,233.0,233.0,233.0,233.0,233.0,233.0,233.0,72.0
stationary,151896,151911,233.0,233.0,232.0,233.0,233.0,233.0,233.0,233.0,72.0
stationary,151911,151925,233.0,233.0,232.0,233.0,233.0,232.0,233.0,233.0,70.0
stationary,151926,151940,232.0,232.0,232.0,233.0,233.0,233.0,233.0,233.0,72.0
stationary,151941,151955,232.0,232.0,233.0,232.0,232.0,232.0,233.0,232.0,71.0
stationary,151956,151970,232.0,232.0,233.0,232.0,232.0,232.0,232.0,232.0,71.0
stationary,151971,151985,232.0,232.0,232.0,232.0,232.0,232.0,232.0,232.0,70.0
stationary,151985,152000,232.0,232.0,232.0,232.0,232.0,232.0,232.0,232.0,73.0
stationary,152000,152015,232.0,232.0,232.0,232.0,232.0,232.0,232.0,232.0,71.0
stationary,152015,152029,232.0,232.0,232.0,232.0,232.0,232.0,232.0,232.0,71.0
stationary,152030,152044,236.0,235.0,242.0,240.0,242.0,246.0,248.0,240.0,71.0
stationary,152045,152059,232.0,233.0,236.0,229.0,227.0,235.0,235.0,234.0,73.0
stationary,152060,152074,232.0,232.0,232.0,233.0,233.0,233.0,232.0,232.0,74.0
stationary,152074,152089,240.0,238.0,238.0,237.0,241.0,236.0,237.0,236.0,73.0
stationary,152089,152104,247.0,240.0,239.0,246.0,240.0,243.0,246.0,246.0,76.0
stationary,152104,152118,266.0,264.0,264.0,269.0,268.0,260.0,262.0,261.0,75.0
stationary,152119,152133,263.0,263.0,262.0,263.0,262.0,256.0,261.0,260.0,78.0
stationary,152134,152148,257.0,258.0,258.0,256.0,255.0,258.0,258.0,258.0,82.0
stationary,152149,152163,263.0,261.0,264.0,261.0,258.0,261.0,265.0,261.0,79.0
stationary,152163,152178,266.0,266.0,266.0,264.0,267.0,273.0,267.0,269.0,82.0
stationary,152178,152193,278.0,273.0,271.0,280.0,280.0,268.0,267.0,265.0,78.0
stationary,152193,152208,258.0,264.0,268.0,269.0,275.0,270.0,265.0,265.0,71.0
stationary,152208,152222,248.0,248.0,253.0,248.0,249.0,246.0,249.0,249.0,77.0
stationary,152223,152237,258.0,257.0,255.0,259.0,259.0,254.0,254.0,254.0,72.0
stationary,152238,152252,240.0,240.0,241.0,240.0,240.0,241.0,240.0,241.0,71.0
stationary,152253,152267,243.0,243.0,244.0,242.0,242.0,245.0,244.0,245.0,71.0
stationary,152268,152282,237.0,236.0,236.0,237.0,238.0,236.0,236.0,235.0,70.0
stationary,152282,152297,238.0,239.0,240.0,238.0,238.0,240.0,240.0,241.0,71.0
stationary,152297,152312,235.0,234.0,234.0,235.0,235.0,236.0,235.0,235.0,71.0
stationary,152312,152326,227.0,228.0,229.0,227.0,227.0,229.0,229.0,229.0,74.0
stationary,152327,152341,225.0,225.0,225.0,225.0,224.0,225.0,225.0,225.0,73.0
stationary,152342,152356,232.0,231.0,232.0,232.0,232.0,232.0,232.0,232.0,72.0
stationary,152356,152371,232.0,232.0,231.0,232.0,233.0,231.0,231.0,231.0,73.0
stationary,152371,152386,226.0,226.0,226.0,226.0,226.0,226.0,226.0,226.0,74.0
stationary,152386,152400,226.0,226.0,226.0,226.0,227.0,226.0,226.0,226.0,72.0
stationary,152401,152415,232.0,230.0,230.0,232.0,232.0,230.0,231.0,230.0,74.0
stationary,152415,152430,229.0,229.0,229.0,229.0,229.0,230.0,230.0,230.0,72.0
stationary,152430,152445,227.0,227.0,227.0,227.0,227.0,227.0,227.0,227.0,71.0
stationary,152445,152460,228.0,228.0,228.0,228.0,228.0,229.0,228.0,228.0,72.0
stationary,152460,152474,239.0,239.0,238.0,239.0,239.0,238.0,237.0,237.0,70.0
stationary,152475,152489,241.0,241.0,241.0,241.0,242.0,239.0,241.0,240.0,72.0
stationary,152489,152504,233.0,233.0,233.0,233.0,233.0,232.0,233.0,233.0,72.0
stationary,152504,152519,237.0,237.0,237.0,237.0,236.0,236.0,237.0,237.0,73.0
stationary,152519,152534,232.0,232.0,231.0,232.0,232.0,231.0,231.0,232.0,71.0
stationary,152534,152548,234.0,234.0,234.0,234.0,234.0,234.0,234.0,234.0,72.0
stationary,152549,152563,236.0,236.0,236.0,236.0,235.0,236.0,235.0,236.0,70.0
stationary,152564,152578,230.0,230.0,230.0,230.0,230.0,229.0,229.0,229.0,71.0
stationary,152578,152593,231.0,231.0,231.0,232.0,232.0,231.0,230.0,231.0,73.0
stationary,152593,152607,235.0,236.0,236.0,235.0,235.0,234.0,236.0,236.0,69.0
stationary,152608,152622,233.0,233.0,234.0,233.0,234.0,233.0,233.0,233.0,69.0
stationary,152623,152637,237.0,237.0,237.0,238.0,238.0,234.0,236.0,235.0,69.0
stationary,152637,152652,235.0,235.0,235.0,236.0,235.0,235.0,235.0,235.0,71.0
stationary,152652,152667,236.0,236.0,235.0,236.0,237.0,235.0,235.0,235.0,73.0
stationary,152667,152681,244.0,243.0,242.0,245.0,245.0,242.0,242.0,242.0,72.0
stationary,152682,152696,248.0,244.0,244.0,248.0,251.0,244.0,244.0,244.0,74.0
stationary,152697,152711,253.0,250.0,247.0,252.0,251.0,242.0,244.0,243.0,73.0
stationary,152711,152726,234.0,234.0,234.0,234.0,234.0,235.0,234.0,234.0,72.0
stationary,152726,152741,232.0,232.0,233.0,232.0,232.0,232.0,232.0,232.0,71.0
stationary,152741,152755,232.0,232.0,232.0,232.0,232.0,232.0,232.0,232.0,74.0
stationary,152756,152770,234.0,234.0,234.0,233.0,234.0,234.0,233.0,234.0,70.0
stationary,152771,152785,236.0,236.0,235.0,236.0,236.0,235.0,235.0,235.0,71.0
stationary,152785,152800,236.0,236.0,236.0,236.0,236.0,236.0,236.0,236.0,72.0
stationary,152800,152815,235.0,236.0,235.0,236.0,236.0,235.0,236.0,236.0,72.0
stationary,152815,152829,234.0,234.0,234.0,234.0,234.0,234.0,234.0,234.0,73.0
stationary,152830,152844,233.0,233.0,232.0,233.0,233.0,233.0,233.0,233.0,72.0
stationary,152845,152859,233.0,233.0,233.0,233.0,233.0,233.0,233.0,233.0,72.0
stationary,152860,152874,233.0,233.0,233.0,233.0,233.0,233.0,233.0,233.0,71.0
stationary,152874,152889,233.0,233.0,233.0,233.0,233.0,233.0,233.0,233.0,71.0
stationary,152889,152904,233.0,233.0,233.0,233.0,233.0,233.0,233.0,233.0,70.0
stationary,152904,152918,233.0,233.0,233.0,233.0,233.0,233.0,233.0,233.0,70.0
stationary,152919,152933,233.0,233.0,233.0,234.0,234.0,233.0,233.0,233.0,72.0
stationary,152934,152948,233.0,233.0,233.0,233.0,233.0,233.0,233.0,233.0,69.0
stationary,152948,152963,233.0,233.0,233.0,233.0,233.0,233.0,233.0,233.0,72.0
stationary,152963,152978,233.0,233.0,233.0,233.0,233.0,233.0,233.0,233.0,70.0
stationary,152978,152992,233.0,233.0,233.0,233.0,233.0,233.0,233.0,233.0,68.0
